rank,Name,Team,POS,Salary,Years,Total Value,Avg Annual
--,Max Scherzer,WSH,SP,"$42,142,857",7 (2015-21),"$210,000,000","$30,000,000"
--,Stephen Strasburg,WSH,SP,"$36,428,571",7 (2017-23),"$175,000,000","$25,000,000"
--,Mike Trout,LAA,CF,"$34,083,333",6 (2015-20),"$144,500,000","$24,083,333"
--,Zack Greinke,ARI,SP,"$32,421,884",6 (2016-21),"$206,500,000","$34,416,667"
--,David Price,BOS,SP,"$31,000,000",7 (2016-22),"$217,000,000","$31,000,000"
--,Clayton Kershaw,LAD,SP,"$31,000,000",3 (2019-21),"$93,000,000","$31,000,000"
--,Miguel Cabrera,DET,DH,"$30,000,000",10 (2014-23),"$292,000,000","$29,200,000"
--,Yoenis Cespedes,NYM,OF,"$29,000,000",4 (2017-20),"$110,000,000","$27,500,000"
--,Justin Verlander,HOU,SP,"$28,000,000",7 (2013-19),"$180,000,000","$25,714,286"
--,Albert Pujols,LAA,DH,"$28,000,000",10 (2012-21),"$240,000,000","$24,000,000"
--,Felix Hernandez,SEA,SP,"$27,857,143",7 (2013-19),"$175,000,000","$25,000,000"
--,Jon Lester,CHC,SP,"$27,500,000",6 (2015-20),"$155,000,000","$25,833,333"
--,Nolan Arenado,COL,3B,"$26,000,000",1 (2019),"$26,000,000","$26,000,000"
--,Giancarlo Stanton,NYY,RF,"$26,000,000",13 (2015-27),"$325,000,000","$25,000,000"
--,Jake Arrieta,PHI,SP,"$25,000,000",3 (2018-20),"$75,000,000","$25,000,000"
--,Joey Votto,CIN,1B,"$25,000,000",10 (2014-23),"$225,000,000","$22,500,000"
--,Jordan Zimmermann,DET,SP,"$25,000,000",5 (2016-20),"$110,000,000","$22,000,000"
--,Robinson Cano,NYM,2B,"$24,000,000",10 (2014-23),"$240,000,000","$24,000,000"
--,J.D. Martinez,BOS,OF,"$23,750,000",5 (2018-22),"$110,000,000","$22,000,000"
--,Edwin Encarnacion,SEA,1B,"$23,333,333",3 (2017-19),"$60,000,000","$20,000,000"
--,Josh Donaldson,ATL,3B,"$23,000,000",1 (2019),"$23,000,000","$23,000,000"
--,Johnny Cueto,SF,SP,"$22,666,666",6 (2016-21),"$130,000,000","$21,666,667"
--,Buster Posey,SF,C,"$22,511,111",9 (2013-21),"$167,000,000","$18,555,556"
--,Masahiro Tanaka,NYY,SP,"$22,000,000",7 (2014-20),"$155,000,000","$22,142,857"
--,Jacoby Ellsbury,NYY,OF,"$21,857,142",7 (2014-20),"$153,000,000","$21,857,143"
--,Eric Hosmer,SD,1B,"$21,625,000",8 (2018-25),"$144,000,000","$18,000,000"
--,Charlie Blackmon,COL,CF,"$21,516,666",6 (2018-23),"$108,000,000","$18,000,000"
--,Matt Kemp,CIN,OF,"$21,500,000",8 (2012-19),"$160,000,000","$20,000,000"
--,Freddie Freeman,ATL,1B,"$21,359,375",8 (2014-21),"$135,000,000","$16,875,000"
--,Rick Porcello,BOS,SP,"$21,125,000",4 (2016-19),"$82,500,000","$20,625,000"
--,Chris Davis,BAL,1B,"$21,116,517",7 (2016-22),"$161,000,000","$23,000,000"
--,Alex Gordon,KC,LF,"$21,000,000",4 (2016-19),"$72,000,000","$18,000,000"
--,Shin-Soo Choo,TEX,DH,"$21,000,000",7 (2014-20),"$130,000,000","$18,571,429"
--,Carlos Santana,CLE,1B,"$20,500,000",3 (2018-20),"$60,000,000","$20,000,000"
--,Yu Darvish,CHC,SP,"$20,000,000",6 (2018-23),"$126,000,000","$21,000,000"
--,Cole Hamels,CHC,SP,"$20,000,000",1 (2019),"$20,000,000","$20,000,000"
--,Mookie Betts,BOS,RF,"$20,000,000",1 (2019),"$20,000,000","$20,000,000"
--,Russell Martin,LAD,C,"$20,000,000",1 (2019),"$20,000,000","$20,000,000"
--,Yadier Molina,STL,C,"$20,000,000",3 (2018-20),"$60,000,000","$20,000,000"
--,Jason Heyward,CHC,RF,"$20,000,000",8 (2016-23),"$184,000,000","$23,000,000"
--,Jeff Samardzija,SF,SP,"$19,800,000",5 (2016-20),"$90,000,000","$18,000,000"
--,Wei-Yin Chen,MIA,RP,"$19,773,520",5 (2016-20),"$80,000,000","$16,000,000"
--,Justin Upton,LAA,LF,"$19,700,000",5 (2018-22),"$106,000,000","$21,200,000"
--,Kyle Seager,SEA,3B,"$19,500,000",7 (2015-21),"$100,000,000","$14,285,714"
--,Justin Turner,LAD,3B,"$19,000,000",4 (2017-20),"$64,000,000","$16,000,000"
--,Mark Melancon,SF,RP,"$19,000,000",4 (2017-20),"$62,000,000","$15,500,000"
--,Kenley Jansen,LAD,RP,"$18,800,000",5 (2017-21),"$80,000,000","$16,000,000"
--,Anthony Rendon,WSH,3B,"$18,800,000",1 (2019),"$18,800,000","$18,800,000"
--,Rich Hill,LAD,SP,"$18,666,667",3 (2017-19),"$48,000,000","$16,000,000"
--,Pablo Sandoval,SF,3B,"$18,600,000",5 (2015-19),"$95,000,000","$19,000,000"
--,Ryan Zimmerman,WSH,1B,"$18,333,333",6 (2014-19),"$100,000,000","$16,666,667"
--,Wade Davis,COL,RP,"$18,333,333",3 (2018-20),"$52,000,000","$17,333,333"
--,Yasmani Grandal,MIL,C,"$18,250,000",1 (2019),"$18,250,000","$18,250,000"
--,Ryan Braun,MIL,LF,"$18,158,038",13 (2008-20),"$150,000,000","$11,538,462"
--,Hyun-Jin Ryu,LAD,SP,"$17,900,000",1 (2019),"$17,900,000","$17,900,000"
--,Brandon Belt,SF,1B,"$17,200,000",5 (2017-21),"$72,800,000","$14,560,000"
--,Aroldis Chapman,NYY,RP,"$17,200,000",5 (2017-21),"$86,000,000","$17,200,000"
--,Corey Kluber,CLE,SP,"$17,200,000",5 (2015-19),"$38,500,000","$7,700,000"
--,Mike Leake,SEA,SP,"$17,000,000",5 (2016-20),"$80,000,000","$16,000,000"
--,Nathan Eovaldi,BOS,SP,"$17,000,000",4 (2019-22),"$68,000,000","$17,000,000"
--,J.A. Happ,NYY,SP,"$17,000,000",2 (2019-20),"$34,000,000","$17,000,000"
--,Ian Kennedy,KC,SP,"$16,500,000",5 (2016-20),"$70,000,000","$14,000,000"
--,Khris Davis,OAK,DH,"$16,500,000",1 (2019),"$16,500,000","$16,500,000"
--,Dexter Fowler,STL,RF,"$16,500,000",5 (2017-21),"$82,500,000","$16,500,000"
--,Michael Brantley,HOU,LF,"$16,000,000",2 (2019-20),"$32,000,000","$16,000,000"
--,Jose Abreu,CWS,1B,"$16,000,000",1 (2019),"$16,000,000","$16,000,000"
--,Evan Longoria,SF,3B,"$15,500,000",6 (2017-22),"$100,000,000","$16,666,667"
--,Ian Desmond,COL,CF,"$15,400,000",5 (2017-21),"$70,000,000","$14,000,000"
--,Matt Carpenter,STL,3B,"$15,333,333",6 (2014-19),"$52,000,000","$8,666,667"
--,Elvis Andrus,TEX,SS,"$15,250,000",8 (2015-22),"$120,000,000","$15,000,000"
--,Danny Duffy,KC,SP,"$15,250,000",5 (2017-21),"$65,000,000","$13,000,000"
--,Brandon Crawford,SF,SS,"$15,200,000",6 (2016-21),"$75,000,000","$12,500,000"
--,Jean Segura,PHI,SS,"$15,050,000",5 (2018-22),"$70,000,000","$14,000,000"
--,Martin Prado,MIA,3B,"$15,000,000",3 (2017-19),"$40,000,000","$13,333,333"
--,Paul Goldschmidt,STL,1B,"$15,000,000",1 (2019),"$15,000,000","$15,000,000"
--,Charlie Morton,TB,SP,"$15,000,000",2 (2019-20),"$30,000,000","$15,000,000"
--,Chris Sale,BOS,SP,"$15,000,000",1 (2019),"$15,000,000","$15,000,000"
--,Lorenzo Cain,MIL,CF,"$15,000,000",5 (2018-22),"$80,000,000","$16,000,000"
--,Jason Kipnis,CLE,2B,"$14,666,667",6 (2014-19),"$52,500,000","$8,750,000"
--,Dustin Pedroia,BOS,2B,"$14,521,686",8 (2014-21),"$110,000,000","$13,750,000"
--,Nelson Cruz,MIN,DH,"$14,300,000",1 (2019),"$14,300,000","$14,300,000"
--,Jay Bruce,SEA,RF,"$14,000,000",3 (2018-20),"$39,000,000","$13,000,000"
--,Alex Cobb,BAL,SP,"$14,000,000",4 (2018-21),"$57,000,000","$14,250,000"
--,Gerrit Cole,HOU,SP,"$13,500,000",1 (2019),"$13,500,000","$13,500,000"
--,Dee Gordon,SEA,2B,"$13,500,000",5 (2016-20),"$50,000,000","$10,000,000"
--,Mark Trumbo,BAL,DH,"$13,274,428",3 (2017-19),"$36,887,268","$12,295,756"
--,Jedd Gyorko,STL,3B,"$13,166,666",6 (2014-19),"$35,510,900","$5,918,483"
--,Andrelton Simmons,LAA,SS,"$13,000,000",7 (2014-20),"$58,000,000","$8,285,714"
--,Zack Britton,NYY,RP,"$13,000,000",3 (2019-21),"$13,000,000","$4,333,333"
--,Trevor Bauer,CLE,SP,"$13,000,000",1 (2019),"$13,000,000","$13,000,000"
--,Josh Reddick,HOU,RF,"$13,000,000",4 (2017-20),"$52,000,000","$13,000,000"
--,Daniel Murphy,COL,1B,"$13,000,000",2 (2019-20),"$24,000,000","$12,000,000"
--,Patrick Corbin,WSH,SP,"$12,916,666",6 (2019-24),"$140,000,000","$23,333,333"
--,Kris Bryant,CHC,3B,"$12,900,000",1 (2019),"$12,900,000","$12,900,000"
--,Zack Cozart,LAA,3B,"$12,666,667",3 (2018-20),"$38,000,000","$12,666,667"
--,Ben Zobrist,CHC,2B,"$12,500,000",4 (2016-19),"$56,000,000","$14,000,000"
--,Tyler Chatwood,CHC,RP,"$12,500,000",3 (2018-20),"$38,000,000","$12,666,667"
--,Anthony Rizzo,CHC,1B,"$12,285,714",7 (2013-19),"$41,000,000","$5,857,143"
--,Marcell Ozuna,STL,LF,"$12,250,000",1 (2019),"$12,250,000","$12,250,000"
--,Andrew Miller,STL,RP,"$12,250,000",2 (2019-20),"$25,000,000","$12,500,000"
--,Starlin Castro,MIA,2B,"$12,000,000",7 (2013-19),"$60,000,000","$8,571,429"
--,Madison Bumgarner,SF,SP,"$12,000,000",1 (2019),"$12,000,000","$12,000,000"
--,Xander Bogaerts,BOS,SS,"$12,000,000",1 (2019),"$12,000,000","$12,000,000"
--,DJ LeMahieu,NYY,2B,"$12,000,000",2 (2019-20),"$24,000,000","$12,000,000"
--,Manny Machado,SD,3B,"$12,000,000",10 (2019-28),"$300,000,000","$30,000,000"
--,Marwin Gonzalez,MIN,3B,"$12,000,000",2 (2019-20),"$21,000,000","$10,500,000"
--,George Springer,HOU,CF,"$12,000,000",2 (2018-19),"$24,000,000","$12,000,000"
--,Kendrys Morales,OAK,DH,"$12,000,000",3 (2017-19),"$33,000,000","$11,000,000"
--,Carlos Martinez,STL,SP,"$11,800,000",5 (2017-21),"$51,000,000","$10,200,000"
--,Didi Gregorius,NYY,SS,"$11,750,000",1 (2019),"$11,750,000","$11,750,000"
--,Bryce Harper,PHI,RF,"$11,538,461",13 (2019-31),"$330,000,000","$25,384,615"
--,Francisco Cervelli,PIT,C,"$11,500,000",3 (2017-19),"$31,000,000","$10,333,333"
--,Salvador Perez,KC,C,"$11,200,000",6 (2016-21),"$54,500,000","$9,083,333"
--,Julio Teheran,ATL,SP,"$11,166,666",6 (2014-19),"$32,400,000","$5,400,000"
--,Matt Harvey,LAA,SP,"$11,000,000",1 (2019),"$11,000,000","$11,000,000"
--,David Robertson,PHI,RP,"$11,000,000",2 (2019-20),"$23,000,000","$11,500,000"
--,Andrew McCutchen,PHI,LF,"$11,000,000",3 (2019-21),"$50,000,000","$16,666,667"
--,Kole Calhoun,LAA,RF,"$10,833,333",3 (2017-19),"$26,000,000","$8,666,667"
--,Starling Marte,PIT,CF,"$10,666,666",6 (2014-19),"$31,000,000","$5,166,667"
--,Francisco Lindor,CLE,SS,"$10,550,000",1 (2019),"$10,550,000","$10,550,000"
--,Jose Quintana,CHC,SP,"$10,500,000",1 (2019),"$10,500,000","$10,500,000"
--,Carlos Carrasco,CLE,SP,"$10,500,000",4 (2019-22),"$47,000,000","$11,750,000"
--,Brandon Morrow,CHC,RP,"$10,500,000",2 (2018-19),"$21,000,000","$10,500,000"
--,Yulieski Gurriel,HOU,1B,"$10,000,000",5 (2016-20),"$47,500,000","$9,500,000"
--,Tanner Roark,CIN,SP,"$10,000,000",1 (2019),"$10,000,000","$10,000,000"
--,Mike Moustakas,MIL,2B,"$10,000,000",1 (2019),"$10,000,000","$10,000,000"
--,Nick Castellanos,DET,RF,"$9,950,000",1 (2019),"$9,950,000","$9,950,000"
--,Christian Yelich,MIL,RF,"$9,928,571",7 (2015-21),"$49,570,000","$7,081,429"
--,Mike Minor,TEX,SP,"$9,833,333",3 (2018-20),"$28,000,000","$9,333,333"
--,Scooter Gennett,CIN,2B,"$9,775,000",1 (2019),"$9,775,000","$9,775,000"
--,Yasiel Puig,CIN,RF,"$9,700,000",1 (2019),"$9,700,000","$9,700,000"
--,Alex Wood,CIN,SP,"$9,650,000",1 (2019),"$9,650,000","$9,650,000"
--,Jose Altuve,HOU,2B,"$9,500,000",7 (2018-24),"$163,500,000","$23,357,143"
--,Andrew Cashner,BAL,SP,"$9,500,000",2 (2018-19),"$16,000,000","$8,000,000"
--,Jake Odorizzi,MIN,SP,"$9,500,000",1 (2019),"$9,500,000","$9,500,000"
--,Yusei Kikuchi,SEA,SP,"$9,500,000",4 (2019-22),"$56,000,000","$14,000,000"
--,Kevin Gausman,ATL,SP,"$9,350,000",1 (2019),"$9,350,000","$9,350,000"
--,Lance Lynn,TEX,SP,"$9,333,333",3 (2019-21),"$30,000,000","$10,000,000"
--,Juan Nicasio,PHI,RP,"$9,250,000",2 (2018-19),"$17,000,000","$8,500,000"
--,Ivan Nova,CWS,SP,"$9,166,667",3 (2017-19),"$26,000,000","$8,666,667"
--,Bryan Shaw,COL,RP,"$9,166,666",3 (2018-20),"$27,000,000","$9,000,000"
--,Jake McGee,COL,RP,"$9,166,666",3 (2018-20),"$27,000,000","$9,000,000"
--,Juan Lagares,NYM,CF,"$9,100,000",5 (2015-19),"$23,553,696","$4,710,739"
--,Jason Vargas,NYM,SP,"$9,000,000",2 (2018-19),"$16,000,000","$8,000,000"
--,Kelvin Herrera,CWS,RP,"$9,000,000",2 (2019-20),"$18,000,000","$9,000,000"
--,Trevor Cahill,LAA,SP,"$9,000,000",1 (2019),"$9,000,000","$9,000,000"
--,Adam Ottavino,NYY,RP,"$9,000,000",3 (2019-21),"$27,000,000","$9,000,000"
--,Brian Dozier,WSH,2B,"$9,000,000",1 (2019),"$9,000,000","$9,000,000"
--,Anibal Sanchez,WSH,SP,"$9,000,000",2 (2019-20),"$19,000,000","$9,500,000"
--,Todd Frazier,NYM,3B,"$9,000,000",2 (2018-19),"$17,000,000","$8,500,000"
--,Jacob deGrom,NYM,SP,"$9,000,000",5 (2019-23),"$137,500,000","$27,500,000"
--,Tommy Hunter,PHI,RP,"$9,000,000",2 (2018-19),"$18,000,000","$9,000,000"
--,Darren O'''Day,ATL,RP,"$8,854,712",4 (2016-19),"$31,000,000","$7,750,000"
--,Adam Eaton,WSH,RF,"$8,700,000",5 (2015-19),"$23,500,000","$4,700,000"
--,Kevin Kiermaier,TB,CF,"$8,583,333",6 (2017-22),"$54,000,000","$9,000,000"
--,James Paxton,NYY,SP,"$8,575,000",1 (2019),"$8,575,000","$8,575,000"
--,Jackie Bradley Jr.,BOS,CF,"$8,550,000",1 (2019),"$8,550,000","$8,550,000"
--,Yonder Alonso,CWS,DH,"$8,500,000",2 (2018-19),"$16,000,000","$8,000,000"
--,Corey Dickerson,PIT,LF,"$8,500,000",1 (2019),"$8,500,000","$8,500,000"
--,Cody Allen,LAA,RP,"$8,500,000",1 (2019),"$8,500,000","$8,500,000"
--,Anthony Swarzak,SEA,RP,"$8,500,000",2 (2018-19),"$14,000,000","$7,000,000"
--,Jed Lowrie,NYM,2B,"$8,500,000",2 (2019-20),"$20,000,000","$10,000,000"
--,Addison Reed,MIN,RP,"$8,500,000",2 (2018-19),"$16,750,000","$8,375,000"
--,Rougned Odor,TEX,2B,"$8,333,333",6 (2017-22),"$49,500,000","$8,250,000"
--,Pat Neshek,PHI,RP,"$8,125,000",2 (2018-19),"$16,250,000","$8,125,000"
--,Kyle Gibson,MIN,SP,"$8,125,000",1 (2019),"$8,125,000","$8,125,000"
--,Miles Mikolas,STL,SP,"$8,000,000",2 (2018-19),"$15,500,000","$7,750,000"
--,Jason Castro,MIN,C,"$8,000,000",3 (2017-19),"$24,500,000","$8,166,667"
--,Michael Pineda,MIN,SP,"$8,000,000",2 (2018-19),"$10,000,000","$5,000,000"
--,Wilson Ramos,NYM,C,"$8,000,000",2 (2019-20),"$19,000,000","$9,500,000"
--,Justin Smoak,TOR,1B,"$8,000,000",1 (2019),"$8,000,000","$8,000,000"
--,CC Sabathia,NYY,SP,"$8,000,000",1 (2019),"$8,000,000","$8,000,000"
--,Joe Smith,HOU,RP,"$8,000,000",2 (2018-19),"$15,000,000","$7,500,000"
--,Chris Archer,PIT,SP,"$7,758,333",6 (2014-19),"$25,500,000","$4,250,000"
--,Cesar Hernandez,PHI,2B,"$7,750,000",1 (2019),"$7,750,000","$7,750,000"
--,Brett Cecil,STL,RP,"$7,750,000",4 (2017-20),"$30,500,000","$7,625,000"
--,Welington Castillo,CWS,C,"$7,500,000",2 (2018-19),"$15,000,000","$7,500,000"
--,Steve Cishek,CHC,RP,"$7,500,000",2 (2018-19),"$13,500,000","$6,750,000"
--,Sonny Gray,CIN,SP,"$7,500,000",1 (2019),"$7,500,000","$7,500,000"
--,Jonathan Schoop,MIN,2B,"$7,500,000",1 (2019),"$7,500,000","$7,500,000"
--,Brett Gardner,NYY,LF,"$7,500,000",1 (2019),"$7,500,000","$7,500,000"
--,Stephen Piscotty,OAK,RF,"$7,500,000",6 (2017-22),"$33,500,000","$5,583,333"
--,Brad Hand,CLE,RP,"$7,416,666",3 (2018-20),"$19,750,000","$6,583,333"
--,Kyle Hendricks,CHC,SP,"$7,405,000",1 (2019),"$7,405,000","$7,405,000"
--,Marcus Stroman,TOR,SP,"$7,400,000",1 (2019),"$7,400,000","$7,400,000"
--,Mike Dunn,COL,RP,"$7,333,333",3 (2017-19),"$19,000,000","$6,333,333"
--,Alex Colome,CWS,RP,"$7,325,000",1 (2019),"$7,325,000","$7,325,000"
--,Eugenio Suarez,CIN,3B,"$7,285,714",7 (2018-24),"$66,000,000","$9,428,571"
--,Yan Gomes,WSH,C,"$7,250,000",6 (2014-19),"$23,000,000","$3,833,333"
--,Dellin Betances,NYY,RP,"$7,250,000",1 (2019),"$7,250,000","$7,250,000"
--,David Peralta,ARI,LF,"$7,000,000",1 (2019),"$7,000,000","$7,000,000"
--,Derek Holland,SF,SP,"$7,000,000",1 (2019),"$7,000,000","$7,000,000"
--,Drew Smyly,TEX,SP,"$7,000,000",2 (2018-19),"$10,000,000","$5,000,000"
--,Trevor Rosenthal,WSH,RP,"$7,000,000",1 (2019),"$7,000,000","$7,000,000"
--,Garrett Richards,SD,SP,"$7,000,000",2 (2019-20),"$15,500,000","$7,750,000"
--,Chase Anderson,MIL,SP,"$6,750,000",2 (2018-19),"$11,750,000","$5,875,000"
--,Jhoulys Chacin,MIL,SP,"$6,750,000",2 (2018-19),"$15,500,000","$7,750,000"
--,Kolten Wong,STL,2B,"$6,700,000",5 (2016-20),"$25,500,000","$5,100,000"
--,Gregory Polanco,PIT,OF,"$6,700,000",5 (2017-21),"$35,000,000","$7,000,000"
--,Jeurys Familia,NYM,RP,"$6,666,666",3 (2019-21),"$30,000,000","$10,000,000"
--,Mitch Moreland,BOS,1B,"$6,500,000",2 (2018-19),"$13,000,000","$6,500,000"
--,Roberto Osuna,HOU,RP,"$6,500,000",1 (2019),"$6,500,000","$6,500,000"
--,Joakim Soria,OAK,RP,"$6,500,000",2 (2019-20),"$15,000,000","$7,500,000"
--,Tony Watson,SF,RP,"$6,500,000",2 (2018-19),"$9,500,000","$4,750,000"
--,Sean Doolittle,WSH,RP,"$6,500,000",1 (2019),"$6,500,000","$6,500,000"
--,Aaron Hicks,NYY,CF,"$6,428,571",7 (2019-25),"$70,000,000","$10,000,000"
--,Blake Treinen,OAK,RP,"$6,400,000",1 (2019),"$6,400,000","$6,400,000"
--,Michael Wacha,STL,SP,"$6,350,000",1 (2019),"$6,350,000","$6,350,000"
--,Eric Thames,MIL,1B,"$6,333,333",3 (2017-19),"$16,000,000","$5,333,333"
--,Ken Giles,TOR,RP,"$6,300,000",1 (2019),"$6,300,000","$6,300,000"
--,Pedro Strop,CHC,RP,"$6,250,000",1 (2019),"$6,250,000","$6,250,000"
--,Steve Pearce,BOS,1B,"$6,250,000",1 (2019),"$6,250,000","$6,250,000"
--,Max Kepler,MIN,RF,"$6,200,000",5 (2019-23),"$35,000,000","$7,000,000"
--,Eduardo Escobar,ARI,3B,"$6,166,666",3 (2019-21),"$21,000,000","$7,000,000"
--,Robbie Ray,ARI,SP,"$6,050,000",1 (2019),"$6,050,000","$6,050,000"
--,Yusmeiro Petit,OAK,RP,"$6,000,000",2 (2018-19),"$10,000,000","$5,000,000"
--,Tyler Flowers,ATL,C,"$6,000,000",1 (2019),"$6,000,000","$6,000,000"
--,Nick Markakis,ATL,RF,"$6,000,000",1 (2019),"$6,000,000","$6,000,000"
--,Raisel Iglesias,CIN,RP,"$6,000,000",3 (2019-21),"$24,125,000","$8,041,667"
--,Noah Syndergaard,NYM,SP,"$6,000,000",1 (2019),"$6,000,000","$6,000,000"
--,Mike Fiers,OAK,SP,"$6,000,000",2 (2019-20),"$14,100,000","$7,050,000"
--,Zack Wheeler,NYM,SP,"$5,975,000",1 (2019),"$5,975,000","$5,975,000"
--,Marcus Semien,OAK,SS,"$5,900,000",1 (2019),"$5,900,000","$5,900,000"
--,J.T. Realmuto,PHI,C,"$5,900,000",1 (2019),"$5,900,000","$5,900,000"
--,Kevin Pillar,TOR,CF,"$5,800,000",1 (2019),"$5,800,000","$5,800,000"
--,Collin McHugh,HOU,SP,"$5,800,000",1 (2019),"$5,800,000","$5,800,000"
--,Robinson Chirinos,HOU,C,"$5,750,000",1 (2019),"$5,750,000","$5,750,000"
--,Tyson Ross,DET,SP,"$5,750,000",1 (2019),"$5,750,000","$5,750,000"
--,Ender Inciarte,ATL,CF,"$5,700,000",5 (2017-21),"$30,525,000","$6,105,000"
--,Wil Myers,SD,LF,"$5,666,666",6 (2017-22),"$83,000,000","$13,833,333"
--,Aaron Nola,PHI,SP,"$5,562,500",4 (2019-22),"$45,000,000","$11,250,000"
--,Odubel Herrera,PHI,CF,"$5,550,000",5 (2017-21),"$30,500,000","$6,100,000"
--,Luke Gregerson,STL,RP,"$5,500,000",2 (2018-19),"$11,000,000","$5,500,000"
--,Mike Foltynewicz,ATL,SP,"$5,475,000",1 (2019),"$5,475,000","$5,475,000"
--,Jordy Mercer,DET,SS,"$5,250,000",1 (2019),"$5,250,000","$5,250,000"
--,Billy Hamilton,KC,CF,"$5,250,000",1 (2019),"$5,250,000","$5,250,000"
--,A.J. Pollock,LAD,CF,"$5,250,000",4 (2019-22),"$55,000,000","$13,750,000"
--,Fernando Rodney,OAK,RP,"$5,250,000",1 (2019),"$5,250,000","$5,250,000"
--,Maikel Franco,PHI,3B,"$5,200,000",1 (2019),"$5,200,000","$5,200,000"
--,Javier Baez,CHC,SS,"$5,200,000",1 (2019),"$5,200,000","$5,200,000"
--,Luis Severino,NYY,SP,"$5,187,500",4 (2019-22),"$40,000,000","$10,000,000"
--,Corey Knebel,MIL,RP,"$5,125,000",1 (2019),"$5,125,000","$5,125,000"
--,Taijuan Walker,ARI,SP,"$5,025,000",1 (2019),"$5,025,000","$5,025,000"
--,Eduardo Nunez,BOS,3B,"$5,000,000",1 (2019),"$5,000,000","$5,000,000"
--,Brandon Kintzler,CHC,RP,"$5,000,000",1 (2019),"$5,000,000","$5,000,000"
--,Randal Grichuk,TOR,RF,"$5,000,000",1 (2019),"$5,000,000","$5,000,000"
--,Trevor Story,COL,SS,"$5,000,000",1 (2019),"$5,000,000","$5,000,000"
--,Justin Wilson,NYM,RP,"$5,000,000",2 (2019-20),"$10,000,000","$5,000,000"
--,Sam Dyson,SF,RP,"$5,000,000",1 (2019),"$5,000,000","$5,000,000"
--,Freddy Galvis,TOR,SS,"$5,000,000",1 (2019),"$5,000,000","$5,000,000"
--,Carlos Correa,HOU,SS,"$5,000,000",1 (2019),"$5,000,000","$5,000,000"
--,Joc Pederson,LAD,LF,"$5,000,000",1 (2019),"$5,000,000","$5,000,000"
--,Jonathan Villar,BAL,2B,"$4,825,000",1 (2019),"$4,825,000","$4,825,000"
--,Jake Lamb,ARI,1B,"$4,825,000",1 (2019),"$4,825,000","$4,825,000"
--,Arodys Vizcaino,ATL,RP,"$4,800,000",1 (2019),"$4,800,000","$4,800,000"
--,C.J. Cron,MIN,1B,"$4,800,000",1 (2019),"$4,800,000","$4,800,000"
--,Felipe Vazquez,PIT,RP,"$4,750,000",4 (2018-21),"$22,000,000","$5,500,000"
--,Travis Shaw,MIL,3B,"$4,675,000",1 (2019),"$4,675,000","$4,675,000"
--,Joe Kelly,LAD,RP,"$4,666,666",3 (2019-21),"$25,000,000","$8,333,333"
--,Jorge Soler,KC,RF,"$4,666,666",9 (2012-20),"$30,000,000","$3,333,333"
--,Nate Jones,CWS,RP,"$4,650,000",1 (2019),"$4,650,000","$4,650,000"
--,Yolmer Sanchez,CWS,2B,"$4,625,000",1 (2019),"$4,625,000","$4,625,000"
--,Chris Iannetta,COL,C,"$4,525,000",2 (2018-19),"$8,500,000","$4,250,000"
--,Hector Rondon,HOU,RP,"$4,500,000",2 (2018-19),"$8,500,000","$4,250,000"
--,David Freese,LAD,3B,"$4,500,000",1 (2019),"$4,500,000","$4,500,000"
--,Wade Miley,HOU,SP,"$4,500,000",1 (2019),"$4,500,000","$4,500,000"
--,Danny Salazar,CLE,SP,"$4,500,000",1 (2019),"$4,500,000","$4,500,000"
--,Mike Zunino,TB,C,"$4,412,500",1 (2019),"$4,412,500","$4,412,500"
--,Eduardo Rodriguez,BOS,SP,"$4,300,000",1 (2019),"$4,300,000","$4,300,000"
--,Alex Avila,ARI,C,"$4,250,000",2 (2018-19),"$8,250,000","$4,125,000"
--,Wilmer Flores,ARI,2B,"$4,250,000",1 (2019),"$4,250,000","$4,250,000"
--,Will Smith,SF,RP,"$4,225,000",1 (2019),"$4,225,000","$4,225,000"
--,Will Harris,HOU,RP,"$4,225,000",1 (2019),"$4,225,000","$4,225,000"
--,Carlos Rodon,CWS,SP,"$4,200,000",1 (2019),"$4,200,000","$4,200,000"
--,Eddie Rosario,MIN,LF,"$4,190,000",1 (2019),"$4,190,000","$4,190,000"
--,Jorge Polanco,MIN,SS,"$4,158,333",5 (2019-23),"$25,750,000","$5,150,000"
--,Jose Ramirez,CLE,3B,"$4,150,000",5 (2017-21),"$26,000,000","$5,200,000"
--,Steven Souza Jr.,ARI,RF,"$4,125,000",1 (2019),"$4,125,000","$4,125,000"
--,Lance McCullers Jr.,HOU,SP,"$4,100,000",1 (2019),"$4,100,000","$4,100,000"
--,Tommy Pham,TB,LF,"$4,100,000",1 (2019),"$4,100,000","$4,100,000"
--,Michael Conforto,NYM,RF,"$4,025,000",1 (2019),"$4,025,000","$4,025,000"
--,Shane Greene,DET,RP,"$4,000,000",1 (2019),"$4,000,000","$4,000,000"
--,Corey Seager,LAD,SS,"$4,000,000",1 (2019),"$4,000,000","$4,000,000"
--,Marco Estrada,OAK,SP,"$4,000,000",1 (2019),"$4,000,000","$4,000,000"
--,Ian Kinsler,SD,2B,"$4,000,000",2 (2019-20),"$8,000,000","$4,000,000"
--,Jesse Chavez,TEX,RP,"$4,000,000",2 (2019-20),"$8,000,000","$4,000,000"
--,Matt Adams,WSH,1B,"$4,000,000",1 (2019),"$4,000,000","$4,000,000"
--,Kurt Suzuki,WSH,C,"$4,000,000",2 (2019-20),"$10,000,000","$5,000,000"
--,Howie Kendrick,WSH,OF,"$4,000,000",2 (2018-19),"$7,000,000","$3,500,000"
--,Martin Perez,MIN,RP,"$4,000,000",1 (2019),"$4,000,000","$4,000,000"
--,Jon Jay,CWS,RF,"$4,000,000",1 (2019),"$4,000,000","$4,000,000"
--,Aaron Sanchez,TOR,SP,"$3,900,000",1 (2019),"$3,900,000","$3,900,000"
--,Joe Panik,SF,2B,"$3,850,000",1 (2019),"$3,850,000","$3,850,000"
--,Jarrod Dyson,ARI,OF,"$3,750,000",2 (2018-19),"$7,500,000","$3,750,000"
--,Trea Turner,WSH,SS,"$3,725,000",1 (2019),"$3,725,000","$3,725,000"
--,Kike Hernandez,LAD,2B,"$3,725,000",1 (2019),"$3,725,000","$3,725,000"
--,Tyler Skaggs,LAA,SP,"$3,700,000",1 (2019),"$3,700,000","$3,700,000"
--,Jimmy Nelson,MIL,SP,"$3,700,000",1 (2019),"$3,700,000","$3,700,000"
--,Nick Ahmed,ARI,SS,"$3,662,500",1 (2019),"$3,662,500","$3,662,500"
--,Jurickson Profar,OAK,2B,"$3,600,000",1 (2019),"$3,600,000","$3,600,000"
--,Brock Holt,BOS,2B,"$3,575,000",1 (2019),"$3,575,000","$3,575,000"
--,Travis d'Arnaud,NYM,C,"$3,515,000",1 (2019),"$3,515,000","$3,515,000"
--,Asdrubal Cabrera,TEX,3B,"$3,500,000",1 (2019),"$3,500,000","$3,500,000"
--,Matt Shoemaker,TOR,SP,"$3,500,000",1 (2019),"$3,500,000","$3,500,000"
--,Avisail Garcia,TB,RF,"$3,500,000",1 (2019),"$3,500,000","$3,500,000"
--,Chris Taylor,LAD,2B,"$3,500,000",1 (2019),"$3,500,000","$3,500,000"
--,Andrew Heaney,LAA,SP,"$3,400,000",1 (2019),"$3,400,000","$3,400,000"
--,Addison Russell,CHC,SS,"$3,400,000",1 (2019),"$3,400,000","$3,400,000"
--,Kyle Schwarber,CHC,LF,"$3,390,000",1 (2019),"$3,390,000","$3,390,000"
--,Jonathan Lucroy,LAA,C,"$3,350,000",1 (2019),"$3,350,000","$3,350,000"
--,Chad Bettis,COL,SP,"$3,325,000",1 (2019),"$3,325,000","$3,325,000"
--,Nomar Mazara,TEX,RF,"$3,300,000",1 (2019),"$3,300,000","$3,300,000"
--,Clayton Richard,TOR,SP,"$3,300,000",1 (2019),"$3,300,000","$3,300,000"
--,Yoshihisa Hirano,ARI,RP,"$3,250,000",2 (2018-19),"$6,000,000","$3,000,000"
--,Greg Holland,ARI,RP,"$3,250,000",1 (2019),"$3,250,000","$3,250,000"
--,Wily Peralta,KC,RP,"$3,250,000",1 (2019),"$3,250,000","$3,250,000"
--,Jeff Mathis,TEX,C,"$3,250,000",2 (2019-20),"$6,250,000","$3,125,000"
--,Michael A. Taylor,WSH,CF,"$3,250,000",1 (2019),"$3,250,000","$3,250,000"
--,Jose Urena,MIA,SP,"$3,200,000",1 (2019),"$3,200,000","$3,200,000"
--,Keone Kela,PIT,RP,"$3,175,000",1 (2019),"$3,175,000","$3,175,000"
--,Jeremy Jeffress,MIL,RP,"$3,175,000",1 (2019),"$3,175,000","$3,175,000"
--,Miguel Rojas,MIA,SS,"$3,155,000",1 (2019),"$3,155,000","$3,155,000"
--,Sean Manaea,OAK,SP,"$3,150,000",1 (2019),"$3,150,000","$3,150,000"
--,Kenta Maeda,LAD,SP,"$3,125,000",8 (2016-23),"$25,000,000","$3,125,000"
--,Brad Peacock,HOU,SP,"$3,110,000",1 (2019),"$3,110,000","$3,110,000"
--,Kirby Yates,SD,RP,"$3,062,500",1 (2019),"$3,062,500","$3,062,500"
--,Leonys Martin,CLE,CF,"$3,000,000",1 (2019),"$3,000,000","$3,000,000"
--,Chris Owings,KC,SS,"$3,000,000",1 (2019),"$3,000,000","$3,000,000"
--,Jung-ho Kang,PIT,3B,"$3,000,000",1 (2019),"$3,000,000","$3,000,000"
--,Brad Brach,CHC,RP,"$3,000,000",1 (2019),"$3,000,000","$3,000,000"
--,Adam Jones,ARI,OF,"$3,000,000",1 (2019),"$3,000,000","$3,000,000"
--,Clay Buchholz,TOR,SP,"$3,000,000",1 (2019),"$3,000,000","$3,000,000"
--,Tucker Barnhart,CIN,C,"$2,937,500",4 (2018-21),"$16,000,000","$4,000,000"
--,Christian Vazquez,BOS,C,"$2,933,333",3 (2019-21),"$13,550,000","$4,516,667"
--,Jon Gray,COL,SP,"$2,925,000",1 (2019),"$2,925,000","$2,925,000"
--,Ryan Pressly,HOU,RP,"$2,900,000",1 (2019),"$2,900,000","$2,900,000"
--,Dylan Bundy,BAL,SP,"$2,800,000",1 (2019),"$2,800,000","$2,800,000"
--,Michael Fulmer,DET,SP,"$2,800,000",1 (2019),"$2,800,000","$2,800,000"
--,Jose Peraza,CIN,2B,"$2,775,000",1 (2019),"$2,775,000","$2,775,000"
--,Wade LeBlanc,SEA,SP,"$2,750,000",1 (2019),"$2,750,000","$2,750,000"
--,Shawn Kelley,TEX,RP,"$2,750,000",1 (2019),"$2,750,000","$2,750,000"
--,Jake Diekman,KC,RP,"$2,750,000",1 (2019),"$2,750,000","$2,750,000"
--,Lonnie Chisenhall,PIT,RF,"$2,750,000",1 (2019),"$2,750,000","$2,750,000"
--,Matt Duffy,TB,3B,"$2,675,000",1 (2019),"$2,675,000","$2,675,000"
--,Tony Cingrani,LAD,RP,"$2,650,000",1 (2019),"$2,650,000","$2,650,000"
--,Miguel Sano,MIN,3B,"$2,650,000",1 (2019),"$2,650,000","$2,650,000"
--,Roberto Perez,CLE,C,"$2,625,000",4 (2017-20),"$9,000,000","$2,250,000"
--,Steven Matz,NYM,SP,"$2,625,000",1 (2019),"$2,625,000","$2,625,000"
--,Tyler Anderson,COL,SP,"$2,625,000",1 (2019),"$2,625,000","$2,625,000"
--,Matt Boyd,DET,SP,"$2,600,000",1 (2019),"$2,600,000","$2,600,000"
--,Zach Davies,MIL,SP,"$2,600,000",1 (2019),"$2,600,000","$2,600,000"
--,Ketel Marte,ARI,CF,"$2,600,000",5 (2018-22),"$24,000,000","$4,800,000"
--,Matt Albers,MIL,RP,"$2,500,000",2 (2018-19),"$5,000,000","$2,500,000"
--,David Hernandez,CIN,RP,"$2,500,000",2 (2018-19),"$5,000,000","$2,500,000"
--,Matt Moore,DET,SP,"$2,500,000",1 (2019),"$2,500,000","$2,500,000"
--,Oliver Perez,CLE,RP,"$2,500,000",1 (2019),"$2,500,000","$2,500,000"
--,James McCann,CWS,C,"$2,500,000",1 (2019),"$2,500,000","$2,500,000"
--,Justin Bour,LAA,1B,"$2,500,000",1 (2019),"$2,500,000","$2,500,000"
--,Hernan Perez,MIL,2B,"$2,500,000",1 (2019),"$2,500,000","$2,500,000"
--,Adam Warren,SD,RP,"$2,500,000",1 (2019),"$2,500,000","$2,500,000"
--,Martin Maldonado,KC,C,"$2,500,000",1 (2019),"$2,500,000","$2,500,000"
--,Sergio Romo,MIA,RP,"$2,500,000",1 (2019),"$2,500,000","$2,500,000"
--,Jose Iglesias,CIN,SS,"$2,500,000",1 (2019),"$2,500,000","$2,500,000"
--,Seunghwan Oh,COL,RP,"$2,500,000",1 (2019),"$2,500,000","$2,500,000"
--,David Phelps,TOR,RP,"$2,500,000",1 (2019),"$2,500,000","$2,500,000"
--,Mike Montgomery,CHC,RP,"$2,440,000",1 (2019),"$2,440,000","$2,440,000"
--,Eloy Jimenez,CWS,LF,"$2,333,333",6 (2019-24),"$43,000,000","$7,166,667"
--,Craig Stammen,SD,RP,"$2,250,000",2 (2018-19),"$4,500,000","$2,250,000"
--,Chris Martin,TEX,RP,"$2,250,000",2 (2018-19),"$4,000,000","$2,000,000"
--,Merrill Kelly,ARI,SP,"$2,250,000",2 (2019-20),"$5,500,000","$2,750,000"
--,Jonny Venters,ATL,RP,"$2,250,000",1 (2019),"$2,250,000","$2,250,000"
--,Jared Hughes,CIN,RP,"$2,250,000",2 (2018-19),"$4,500,000","$2,250,000"
--,Vince Velasquez,PHI,SP,"$2,249,000",1 (2019),"$2,249,000","$2,249,000"
--,Junior Guerra,MIL,SP,"$2,225,000",1 (2019),"$2,225,000","$2,225,000"
--,Jake Marisnick,HOU,OF,"$2,212,500",1 (2019),"$2,212,500","$2,212,500"
--,Brad Boxberger,KC,RP,"$2,200,000",1 (2019),"$2,200,000","$2,200,000"
--,Mychal Givens,BAL,RP,"$2,150,000",1 (2019),"$2,150,000","$2,150,000"
--,Liam Hendriks,OAK,RP,"$2,150,000",1 (2019),"$2,150,000","$2,150,000"
--,Anthony DeSclafani,CIN,SP,"$2,125,000",1 (2019),"$2,125,000","$2,125,000"
--,Pedro Baez,LAD,RP,"$2,100,000",1 (2019),"$2,100,000","$2,100,000"
--,Austin Hedges,SD,C,"$2,060,000",1 (2019),"$2,060,000","$2,060,000"
--,Mark Canha,OAK,OF,"$2,050,000",1 (2019),"$2,050,000","$2,050,000"
--,Jordan Lyles,PIT,SP,"$2,050,000",1 (2019),"$2,050,000","$2,050,000"
--,Brian McCann,ATL,C,"$2,000,000",1 (2019),"$2,000,000","$2,000,000"
--,Daniel Descalso,CHC,2B,"$2,000,000",2 (2019-20),"$5,000,000","$2,500,000"
--,Neil Walker,MIA,1B,"$2,000,000",1 (2019),"$2,000,000","$2,000,000"
--,Paul DeJong,STL,SS,"$2,000,000",6 (2018-23),"$26,000,000","$4,333,333"
--,Adam Wainwright,STL,SP,"$2,000,000",1 (2019),"$2,000,000","$2,000,000"
--,Shelby Miller,TEX,SP,"$2,000,000",1 (2019),"$2,000,000","$2,000,000"
--,Edinson Volquez,TEX,SP,"$2,000,000",1 (2019),"$2,000,000","$2,000,000"
--,Zach Duke,CIN,RP,"$2,000,000",1 (2019),"$2,000,000","$2,000,000"
--,Robbie Grossman,OAK,LF,"$2,000,000",1 (2019),"$2,000,000","$2,000,000"
--,Josh Harrison,DET,2B,"$2,000,000",1 (2019),"$2,000,000","$2,000,000"
--,Derek Dietrich,CIN,LF,"$2,000,000",1 (2019),"$2,000,000","$2,000,000"
--,Aledmys Diaz,HOU,SS,"$2,000,000",1 (2019),"$2,000,000","$2,000,000"
--,Logan Forsythe,TEX,2B,"$2,000,000",1 (2019),"$2,000,000","$2,000,000"
--,Hunter Pence,TEX,LF,"$2,000,000",1 (2019),"$2,000,000","$2,000,000"
--,Michael Lorenzen,CIN,RP,"$1,950,000",1 (2019),"$1,950,000","$1,950,000"
--,Domingo Santana,SEA,LF,"$1,950,000",1 (2019),"$1,950,000","$1,950,000"
--,Andrew Chafin,ARI,RP,"$1,945,000",1 (2019),"$1,945,000","$1,945,000"
--,Lourdes Gurriel Jr.,TOR,2B,"$1,928,571",7 (2017-23),"$22,000,000","$3,142,857"
--,Jose Alvarez,PHI,RP,"$1,925,000",1 (2019),"$1,925,000","$1,925,000"
--,Devon Travis,TOR,2B,"$1,925,000",1 (2019),"$1,925,000","$1,925,000"
--,JC Ramirez,LAA,SP,"$1,901,000",1 (2019),"$1,901,000","$1,901,000"
--,Archie Bradley,ARI,RP,"$1,830,000",1 (2019),"$1,830,000","$1,830,000"
--,Hector Neris,PHI,RP,"$1,800,000",1 (2019),"$1,800,000","$1,800,000"
--,Austin Romine,NYY,C,"$1,800,000",1 (2019),"$1,800,000","$1,800,000"
--,Blake Parker,MIN,RP,"$1,800,000",1 (2019),"$1,800,000","$1,800,000"
--,Francisco Liriano,PIT,RP,"$1,800,000",1 (2019),"$1,800,000","$1,800,000"
--,Tyler Thornburg,BOS,RP,"$1,750,000",1 (2019),"$1,750,000","$1,750,000"
--,Cam Bedrosian,LAA,RP,"$1,750,000",1 (2019),"$1,750,000","$1,750,000"
--,Byron Buxton,MIN,CF,"$1,750,000",1 (2019),"$1,750,000","$1,750,000"
--,Tim Beckham,SEA,SS,"$1,750,000",1 (2019),"$1,750,000","$1,750,000"
--,Manny Pina,MIL,C,"$1,750,000",1 (2019),"$1,750,000","$1,750,000"
--,Curtis Granderson,MIA,LF,"$1,750,000",1 (2019),"$1,750,000","$1,750,000"
--,Gerardo Parra,SF,RF,"$1,750,000",1 (2019),"$1,750,000","$1,750,000"
--,Yangervis Solarte,SF,3B,"$1,750,000",1 (2019),"$1,750,000","$1,750,000"
--,Kyle Barraclough,WSH,RP,"$1,725,000",1 (2019),"$1,725,000","$1,725,000"
--,Jose Leclerc,TEX,RP,"$1,687,500",4 (2019-22),"$14,750,000","$3,687,500"
--,Chris Rusin,COL,RP,"$1,687,500",1 (2019),"$1,687,500","$1,687,500"
--,Luis Garcia,LAA,RP,"$1,675,000",1 (2019),"$1,675,000","$1,675,000"
--,Scott Kingery,PHI,2B,"$1,666,666",6 (2018-23),"$24,000,000","$4,000,000"
--,Matt Barnes,BOS,RP,"$1,600,000",1 (2019),"$1,600,000","$1,600,000"
--,Blake Snell,TB,SP,"$1,600,000",5 (2019-23),"$50,000,000","$10,000,000"
--,Luis Avilan,NYM,RP,"$1,600,000",1 (2019),"$1,600,000","$1,600,000"
--,Leury Garcia,CWS,OF,"$1,550,000",1 (2019),"$1,550,000","$1,550,000"
--,Taylor Rogers,MIN,RP,"$1,525,000",1 (2019),"$1,525,000","$1,525,000"
--,Chris Devenski,HOU,RP,"$1,525,000",1 (2019),"$1,525,000","$1,525,000"
--,Ryan Tepera,TOR,RP,"$1,525,000",1 (2019),"$1,525,000","$1,525,000"
--,Carl Edwards Jr.,CHC,RP,"$1,500,000",1 (2019),"$1,500,000","$1,500,000"
--,Cory Gearrin,SEA,RP,"$1,500,000",1 (2019),"$1,500,000","$1,500,000"
--,Drew Pomeranz,SF,SP,"$1,500,000",1 (2019),"$1,500,000","$1,500,000"
--,Brett Anderson,OAK,SP,"$1,500,000",1 (2019),"$1,500,000","$1,500,000"
--,Matt Wieters,STL,C,"$1,500,000",1 (2019),"$1,500,000","$1,500,000"
--,Daniel Hudson,TOR,RP,"$1,500,000",1 (2019),"$1,500,000","$1,500,000"
--,Robbie Erlin,SD,SP,"$1,450,000",1 (2019),"$1,450,000","$1,450,000"
--,T.J. McFarland,ARI,RP,"$1,450,000",1 (2019),"$1,450,000","$1,450,000"
--,Tim Anderson,CWS,SS,"$1,400,000",6 (2017-22),"$25,000,000","$4,166,667"
--,Ryan Buchter,OAK,RP,"$1,400,000",1 (2019),"$1,400,000","$1,400,000"
--,Hansel Robles,LAA,RP,"$1,400,000",1 (2019),"$1,400,000","$1,400,000"
--,Delino DeShields,TEX,CF,"$1,400,000",1 (2019),"$1,400,000","$1,400,000"
--,Aaron Loup,SD,RP,"$1,400,000",1 (2019),"$1,400,000","$1,400,000"
--,Charlie Culberson,ATL,SS,"$1,395,000",1 (2019),"$1,395,000","$1,395,000"
--,Tommy Kahnle,NYY,RP,"$1,387,500",1 (2019),"$1,387,500","$1,387,500"
--,Steven Wright,BOS,SP,"$1,375,000",1 (2019),"$1,375,000","$1,375,000"
--,Dan Otero,CLE,RP,"$1,350,000",2 (2018-19),"$2,500,000","$1,250,000"
--,Aaron Altherr,PHI,RF,"$1,350,000",1 (2019),"$1,350,000","$1,350,000"
--,Tommy La Stella,LAA,2B,"$1,350,000",1 (2019),"$1,350,000","$1,350,000"
--,Heath Hembree,BOS,RP,"$1,312,500",1 (2019),"$1,312,500","$1,312,500"
--,Blaine Hardy,DET,RP,"$1,300,000",1 (2019),"$1,300,000","$1,300,000"
--,Scott Oberg,COL,RP,"$1,300,000",1 (2019),"$1,300,000","$1,300,000"
--,Brandon Drury,TOR,3B,"$1,300,000",1 (2019),"$1,300,000","$1,300,000"
--,Ehire Adrianza,MIN,SS,"$1,300,000",1 (2019),"$1,300,000","$1,300,000"
--,Hunter Strickland,SEA,RP,"$1,300,000",1 (2019),"$1,300,000","$1,300,000"
--,Jeremy Hellickson,WSH,RP,"$1,300,000",1 (2019),"$1,300,000","$1,300,000"
--,Daniel Norris,DET,SP,"$1,275,000",1 (2019),"$1,275,000","$1,275,000"
--,Chaz Roe,TB,RP,"$1,275,000",1 (2019),"$1,275,000","$1,275,000"
--,Alex Claudio,MIL,RP,"$1,275,000",1 (2019),"$1,275,000","$1,275,000"
--,Dominic Leone,STL,RP,"$1,260,000",1 (2019),"$1,260,000","$1,260,000"
--,Tony Sipp,WSH,RP,"$1,250,000",1 (2019),"$1,250,000","$1,250,000"
--,Nick Hundley,OAK,C,"$1,250,000",1 (2019),"$1,250,000","$1,250,000"
--,Matt Joyce,ATL,OF,"$1,250,000",1 (2019),"$1,250,000","$1,250,000"
--,Lucas Duda,KC,1B,"$1,250,000",1 (2019),"$1,250,000","$1,250,000"
--,Josh Tomlin,ATL,RP,"$1,250,000",1 (2019),"$1,250,000","$1,250,000"
--,Greg Bird,NYY,1B,"$1,200,000",1 (2019),"$1,200,000","$1,200,000"
--,Erik Kratz,SF,C,"$1,200,000",1 (2019),"$1,200,000","$1,200,000"
--,Whit Merrifield,KC,2B,"$1,187,500",4 (2019-22),"$16,250,000","$4,062,500"
--,Brandon Lowe,TB,2B,"$1,166,666",6 (2019-24),"$24,000,000","$4,000,000"
--,Travis Jankowski,SD,OF,"$1,165,000",1 (2019),"$1,165,000","$1,165,000"
--,Brandon Workman,BOS,RP,"$1,150,000",1 (2019),"$1,150,000","$1,150,000"
--,Melky Cabrera,PIT,LF,"$1,150,000",1 (2019),"$1,150,000","$1,150,000"
--,Kevin Plawecki,CLE,C,"$1,137,500",1 (2019),"$1,137,500","$1,137,500"
--,Jose Martinez,STL,LF,"$1,125,000",2 (2019-20),"$3,250,000","$1,625,000"
--,Adam Conley,MIA,RP,"$1,125,000",1 (2019),"$1,125,000","$1,125,000"
--,Adam Morgan,PHI,RP,"$1,100,000",1 (2019),"$1,100,000","$1,100,000"
--,Josh Phegley,OAK,C,"$1,075,000",1 (2019),"$1,075,000","$1,075,000"
--,Nick Tropeano,LAA,SP,"$1,075,000",1 (2019),"$1,075,000","$1,075,000"
--,Neil Ramirez,CLE,RP,"$1,000,000",1 (2019),"$1,000,000","$1,000,000"
--,Brad Miller,CLE,2B,"$1,000,000",1 (2019),"$1,000,000","$1,000,000"
--,Mark Reynolds,COL,1B,"$1,000,000",1 (2019),"$100,000","$100,000"
--,Chris Herrmann,OAK,C,"$1,000,000",1 (2019),"$1,000,000","$1,000,000"
--,Jeanmar Gomez,TEX,RP,"$1,000,000",1 (2019),"$1,000,000","$1,000,000"
--,Peter Bourjos,LAA,OF,"$1,000,000",1 (2019),"$1,000,000","$1,000,000"
--,Hanley Ramirez,CLE,DH,"$1,000,000",1 (2019),"$1,000,000","$1,000,000"
--,Tony Wolters,COL,C,"$960,000",1 (2019),"$960,000","$960,000"
--,Curt Casali,CIN,C,"$950,000",1 (2019),"$950,000","$950,000"
--,Matt Andriese,ARI,RP,"$920,000",1 (2019),"$920,000","$920,000"
--,Blake Swihart,BOS,C,"$910,000",1 (2019),"$910,000","$910,000"
--,Roenis Elias,SEA,RP,"$910,000",1 (2019),"$910,000","$910,000"
--,Greg Garcia,SD,2B,"$910,000",1 (2019),"$910,000","$910,000"
--,John Ryan Murphy,ARI,C,"$900,000",1 (2019),"$900,000","$900,000"
--,Joe Biagini,TOR,RP,"$900,000",1 (2019),"$900,000","$900,000"
--,Trevor May,MIN,RP,"$900,000",1 (2019),"$900,000","$900,000"
--,Marco Gonzales,SEA,SP,"$900,000",2 (2019-20),"$1,900,000","$950,000"
--,Xavier Cedeno,CHC,RP,"$900,000",1 (2019),"$900,000","$900,000"
--,Jesus Sucre,BAL,C,"$850,000",1 (2019),"$850,000","$850,000"
--,Ji-Man Choi,TB,1B,"$850,000",1 (2019),"$850,000","$850,000"
--,Nate Karns,BAL,RP,"$800,000",1 (2019),"$800,000","$800,000"
--,Jesse Hahn,KC,SP,"$800,000",1 (2019),"$800,000","$800,000"
--,Brian Flynn,KC,RP,"$800,000",1 (2019),"$800,000","$800,000"
--,Guillermo Heredia,TB,OF,"$782,000",1 (2019),"$782,000","$782,000"
--,Tony Barnette,CHC,RP,"$750,000",1 (2019),"$750,000","$750,000"
--,Alex Wilson,MIL,RP,"$750,000",1 (2019),"$750,000","$750,000"
--,Andrew Benintendi,BOS,LF,"$717,500",1 (2019),"$717,500","$717,500"
--,Yimi Garcia,LAD,RP,"$710,000",1 (2019),"$710,000","$710,000"
--,Gordon Beckham,DET,2B,"$700,000",1 (2019),"$700,000","$700,000"
--,J.B. Shuck,PIT,OF,"$700,000",1 (2019),"$700,000","$700,000"
--,Josh Hader,MIL,RP,"$687,600",1 (2019),"$687,600","$687,600"
--,Aaron Judge,NYY,RF,"$684,300",1 (2019),"$684,300","$684,300"
--,Willson Contreras,CHC,C,"$684,000",1 (2019),"$684,000","$684,000"
--,Niko Goodrum,DET,2B,"$670,500",1 (2019),"$670,500","$670,500"
--,Gary Sanchez,NYY,C,"$669,800",1 (2019),"$669,800","$669,800"
--,Shohei Ohtani,LAA,SP,"$650,000",1 (2019),"$650,000","$650,000"
--,Richard Rodriguez,PIT,RP,"$650,000",1 (2019),"$650,000","$650,000"
--,Scott Barlow,KC,SP,"$650,000",1 (2019),"$650,000","$650,000"
--,Terrance Gore,KC,OF,"$650,000",1 (2019),"$650,000","$650,000"
--,Alex Bregman,HOU,3B,"$640,500",1 (2019),"$640,500","$640,500"
--,Jesus Aguilar,MIL,1B,"$637,500",1 (2019),"$637,500","$637,500"
--,Scott Schebler,CIN,CF,"$625,000",1 (2019),"$625,000","$625,000"
--,Jose Berrios,MIN,SP,"$620,000",1 (2019),"$620,000","$620,000"
--,Miguel Andujar,NYY,3B,"$617,600",1 (2019),"$617,600","$617,600"
--,Albert Almora Jr.,CHC,OF,"$615,500",1 (2019),"$615,500","$615,500"
--,Rafael Devers,BOS,3B,"$614,500",1 (2019),"$614,500","$614,500"
--,Zac Rosscup,SEA,RP,"$610,000",1 (2019),"$610,000","$610,000"
--,Zack Godley,ARI,SP,"$609,400",1 (2019),"$609,400","$609,400"
--,Edwin Diaz,NYM,RP,"$607,425",1 (2019),"$607,425","$607,425"
--,Joey Gallo,TEX,LF,"$605,500",1 (2019),"$605,500","$605,500"
--,Gleyber Torres,NYY,2B,"$605,200",1 (2019),"$605,200","$605,200"
--,Cody Bellinger,LAD,RF,"$605,000",1 (2019),"$605,000","$605,000"
--,Chad Green,NYY,RP,"$598,650",1 (2019),"$598,650","$598,650"
--,Brandon Nimmo,NYM,LF,"$598,285",1 (2019),"$598,285","$598,285"
--,Nick Pivetta,PHI,SP,"$598,000",1 (2019),"$598,000","$598,000"
--,Jordan Montgomery,NYY,SP,"$596,600",1 (2019),"$596,600","$596,600"
--,Ross Stripling,LAD,SP,"$595,000",1 (2019),"$595,000","$595,000"
--,Justin Miller,WSH,RP,"$593,200",1 (2019),"$593,200","$593,200"
--,Mike Clevinger,CLE,SP,"$592,200",1 (2019),"$592,200","$592,200"
--,Seth Lugo,NYM,RP,"$591,875",1 (2019),"$591,875","$591,875"
--,Max Stassi,HOU,C,"$590,100",1 (2019),"$590,100","$590,100"
--,Mitch Haniger,SEA,LF,"$590,100",1 (2019),"$590,100","$590,100"
--,Zach Eflin,PHI,SP,"$590,000",1 (2019),"$590,000","$590,000"
--,Jameson Taillon,PIT,SP,"$587,500",1 (2019),"$587,500","$587,500"
--,Josh Bell,PIT,1B,"$587,000",1 (2019),"$587,000","$587,000"
--,Brian Anderson,MIA,3B,"$585,000",1 (2019),"$585,000","$585,000"
--,Dansby Swanson,ATL,SS,"$585,000",1 (2019),"$585,000","$585,000"
--,Luke Jackson,ATL,RP,"$585,000",1 (2019),"$585,000","$585,000"
--,Adam Frazier,PIT,2B,"$584,000",1 (2019),"$584,000","$584,000"
--,Trevor Williams,PIT,SP,"$584,000",1 (2019),"$584,000","$584,000"
--,Tony Kemp,HOU,LF,"$583,600",1 (2019),"$583,600","$583,600"
--,Brian Goodwin,LAA,LF,"$583,500",1 (2019),"$583,500","$583,500"
--,Tyler White,HOU,1B,"$582,900",1 (2019),"$582,900","$582,900"
--,Robert Gsellman,NYM,RP,"$582,500",1 (2019),"$582,500","$582,500"
--,Joe Musgrove,PIT,SP,"$582,500",1 (2019),"$582,500","$582,500"
--,Hunter Renfroe,SD,RF,"$582,100",1 (2019),"$582,100","$582,100"
--,Matt Strahm,SD,SP,"$581,700",1 (2019),"$581,700","$581,700"
--,Kyle Crick,PIT,RP,"$581,500",1 (2019),"$581,500","$581,500"
--,Edgar Santana,PIT,RP,"$581,500",1 (2019),"$581,500","$581,500"
--,Luke Weaver,ARI,SP,"$581,300",1 (2019),"$581,300","$581,300"
--,Omar Narvaez,SEA,C,"$581,200",1 (2019),"$581,200","$581,200"
--,Wilmer Difo,WSH,2B,"$581,100",1 (2019),"$581,100","$581,100"
--,Jonathan Holder,NYY,RP,"$580,300",1 (2019),"$580,300","$580,300"
--,Matt Chapman,OAK,3B,"$580,000",1 (2019),"$580,000","$580,000"
--,Jesse Winker,CIN,LF,"$580,000",1 (2019),"$580,000","$580,000"
--,Reynaldo Lopez,CWS,SP,"$580,000",1 (2019),"$580,000","$580,000"
--,Ryon Healy,SEA,3B,"$579,800",1 (2019),"$579,800","$579,800"
--,Colin Moran,PIT,3B,"$579,500",1 (2019),"$579,500","$579,500"
--,Sam Gaviglio,TOR,RP,"$579,500",1 (2019),"$579,500","$579,500"
--,Luke Maile,TOR,C,"$579,000",1 (2019),"$579,000","$579,000"
--,Luis Cessa,NYY,SP,"$578,975",1 (2019),"$578,975","$578,975"
--,Teoscar Hernandez,TOR,LF,"$578,600",1 (2019),"$578,600","$578,600"
--,Elias Diaz,PIT,C,"$578,500",1 (2019),"$578,500","$578,500"
--,Mallex Smith,SEA,CF,"$578,400",1 (2019),"$578,400","$578,400"
--,Harrison Bader,STL,CF,"$578,300",1 (2019),"$578,300","$578,300"
--,Juan Soto,WSH,LF,"$578,300",1 (2019),"$578,300","$578,300"
--,Jakob Junis,KC,SP,"$578,250",1 (2019),"$578,250","$578,250"
--,Kevin McCarthy,KC,RP,"$578,250",1 (2019),"$578,250","$578,250"
--,Brad Keller,KC,SP,"$578,175",1 (2019),"$578,175","$578,175"
--,Hanser Alberto,BAL,3B,"$578,000",1 (2019),"$578,000","$578,000"
--,Chad Kuhl,PIT,SP,"$578,000",1 (2019),"$578,000","$578,000"
--,Domingo German,NYY,RP,"$577,500",1 (2019),"$577,500","$577,500"
--,Ryan Brasier,BOS,RP,"$577,500",1 (2019),"$577,500","$577,500"
--,Manuel Margot,SD,CF,"$577,100",1 (2019),"$577,100","$577,100"
--,Erik Gonzalez,PIT,SS,"$577,000",1 (2019),"$577,000","$577,000"
--,Matt Grace,WSH,RP,"$576,400",1 (2019),"$576,400","$576,400"
--,Adalberto Mondesi,KC,SS,"$576,000",1 (2019),"$576,000","$576,000"
--,Amed Rosario,NYM,SS,"$575,500",1 (2019),"$575,500","$575,500"
--,Trey Mancini,BAL,LF,"$575,500",1 (2019),"$575,500","$575,500"
--,Ozzie Albies,ATL,2B,"$575,000",1 (2019),"$575,000","$575,000"
--,Jesse Biddle,ATL,RP,"$575,000",1 (2019),"$575,000","$575,000"
--,Rhys Hoskins,PHI,1B,"$575,000",1 (2019),"$575,000","$575,000"
--,Johan Camargo,ATL,3B,"$575,000",0 (2019),"$575,000",$NaN
--,Sean Newcomb,ATL,SP,"$575,000",1 (2019),"$575,000","$575,000"
--,Shane Carle,ATL,RP,"$575,000",1 (2019),"$575,000","$575,000"
--,A.J. Minter,ATL,RP,"$575,000",1 (2019),"$575,000","$575,000"
--,Brian Johnson,BOS,RP,"$575,000",1 (2019),"$575,000","$575,000"
--,Kendall Graveman,CHC,SP,"$575,000",1 (2019),"$575,000","$575,000"
--,Yoan Moncada,CWS,3B,"$575,000",1 (2019),"$575,000","$575,000"
--,Max Muncy,LAD,1B,"$575,000",1 (2019),"$575,000","$575,000"
--,Austin Barnes,LAD,C,"$575,000",1 (2019),"$575,000","$575,000"
--,Scott Alexander,LAD,RP,"$575,000",1 (2019),"$575,000","$575,000"
--,Drew Steckenrider,MIA,RP,"$575,000",1 (2019),"$575,000","$575,000"
--,Mitch Garver,MIN,C,"$575,000",1 (2019),"$575,000","$575,000"
--,Nick Williams,PHI,RF,"$575,000",1 (2019),"$575,000","$575,000"
--,Brandon Brennan,SEA,RP,"$575,000",1 (2019),"$575,000","$575,000"
--,Luke Bard,LAA,RP,"$575,000",1 (2019),"$575,000","$575,000"
--,Matt Olson,OAK,1B,"$575,000",1 (2019),"$575,000","$575,000"
--,Tyler Naquin,CLE,RF,"$574,800",1 (2019),"$574,800","$574,800"
--,Silvino Bracho,ARI,RP,"$574,600",1 (2019),"$574,600","$574,600"
--,Steven Brault,PIT,RP,"$574,500",1 (2019),"$574,500","$574,500"
--,Mikie Mahtook,DET,CF,"$574,500",1 (2019),"$574,500","$574,500"
--,Edubray Ramos,PHI,RP,"$573,500",1 (2019),"$573,500","$573,500"
--,Jose Osuna,PIT,1B,"$573,500",1 (2019),"$573,500","$573,500"
--,Luke Voit,NYY,1B,"$573,200",1 (2019),"$573,200","$573,200"
--,Tim Hill,KC,RP,"$573,175",1 (2019),"$573,175","$573,175"
--,Lucas Giolito,CWS,SP,"$573,000",1 (2019),"$573,000","$573,000"
--,Richard Bleier,BAL,RP,"$572,500",1 (2019),"$572,500","$572,500"
--,Kevan Smith,LAA,C,"$572,500",1 (2019),"$572,500","$572,500"
--,Jake Cave,MIN,OF,"$572,500",1 (2019),"$572,500","$572,500"
--,Trevor Hildenberger,MIN,RP,"$572,500",1 (2019),"$572,500","$572,500"
--,Keon Broxton,NYM,CF,"$571,765",1 (2019),"$571,765","$571,765"
--,John Gant,STL,SP,"$571,300",1 (2019),"$571,300","$571,300"
--,Adam Engel,CWS,CF,"$571,000",1 (2019),"$571,000","$571,000"
--,Dylan Covey,CWS,RP,"$571,000",1 (2019),"$571,000","$571,000"
--,Buck Farmer,DET,RP,"$570,800",1 (2019),"$570,800","$570,800"
--,Jose Alvarado,TB,RP,"$570,600",1 (2019),"$570,600","$570,600"
--,Max Moroff,CLE,2B,"$570,500",1 (2019),"$570,500","$570,500"
--,Franmil Reyes,SD,RF,"$570,500",1 (2019),"$570,500","$570,500"
--,Joey Wendle,TB,3B,"$570,400",1 (2019),"$570,400","$570,400"
--,Daniel R.  Robertson,TB,2B,"$570,300",1 (2019),"$570,300","$570,300"
--,Jorge Alfaro,MIA,C,"$570,000",1 (2019),"$570,000","$570,000"
--,Walker Buehler,LAD,SP,"$570,000",1 (2019),"$570,000","$570,000"
--,Joey Rickard,BAL,RF,"$570,000",1 (2019),"$570,000","$570,000"
--,Tyler Mahle,CIN,SP,"$570,000",1 (2019),"$570,000","$570,000"
--,Wandy Peralta,CIN,RP,"$570,000",1 (2019),"$570,000","$570,000"
--,Lewis Brinson,MIA,CF,"$570,000",1 (2019),"$570,000","$570,000"
--,Trevor Richards,MIA,SP,"$570,000",1 (2019),"$570,000","$570,000"
--,Ronald Guzman,TEX,1B,"$569,500",1 (2019),"$569,500","$569,500"
--,Victor Caratini,CHC,C,"$569,500",1 (2019),"$569,500","$569,500"
--,Isiah Kiner-Falefa,TEX,C,"$569,500",1 (2019),"$569,500","$569,500"
--,John Brebbia,STL,RP,"$569,300",1 (2019),"$569,300","$569,300"
--,Joe Jimenez,DET,RP,"$569,200",1 (2019),"$569,200","$569,200"
--,Miguel Castro,BAL,RP,"$569,000",1 (2019),"$569,000","$569,000"
--,Jace Fry,CWS,RP,"$569,000",1 (2019),"$569,000","$569,000"
--,Felix Pena,LAA,SP,"$569,000",1 (2019),"$569,000","$569,000"
--,Noe Ramirez,LAA,RP,"$569,000",1 (2019),"$569,000","$569,000"
--,Nick Kingham,PIT,RP,"$569,000",1 (2019),"$569,000","$569,000"
--,Dovydas Neverauskas,PIT,RP,"$569,000",1 (2019),"$569,000","$569,000"
--,Tyler Austin,MIN,1B,"$568,600",1 (2019),"$568,600","$568,600"
--,Sam Tuivailala,SEA,RP,"$568,600",1 (2019),"$568,600","$568,600"
--,Hector Velazquez,BOS,RP,"$568,500",1 (2019),"$568,500","$568,500"
--,Brent Suter,MIL,SP,"$568,300",1 (2019),"$568,300","$568,300"
--,Tim Mayza,TOR,RP,"$568,300",1 (2019),"$568,300","$568,300"
--,Eric Skoglund,KC,SP,"$568,175",1 (2019),"$568,175","$568,175"
--,Jeff McNeil,NYM,3B,"$567,714",1 (2019),"$567,714","$567,714"
--,Ben Gamel,MIL,OF,"$567,700",1 (2019),"$567,700","$567,700"
--,Matt Koch,ARI,RP,"$567,600",1 (2019),"$567,600","$567,600"
--,Jacob Barnes,MIL,RP,"$567,600",1 (2019),"$567,600","$567,600"
--,Amir Garrett,CIN,RP,"$567,500",1 (2019),"$567,500","$567,500"
--,Mike Wright,BAL,SP,"$567,500",1 (2019),"$567,500","$567,500"
--,Reyes Moronta,SF,RP,"$567,500",1 (2019),"$567,500","$567,500"
--,Chris Stratton,LAA,SP,"$567,500",1 (2019),"$567,500","$567,500"
--,Trevor Gott,SF,RP,"$567,500",1 (2019),"$567,500","$567,500"
--,Drew VerHagen,DET,RP,"$567,400",1 (2019),"$567,400","$567,400"
--,Hunter Dozier,KC,3B,"$567,225",1 (2019),"$567,225","$567,225"
--,JaCoby Jones,DET,CF,"$567,100",1 (2019),"$567,100","$567,100"
--,John Hicks,DET,C,"$567,100",1 (2019),"$567,100","$567,100"
--,Daniel Palka,CWS,OF,"$567,000",1 (2019),"$567,000","$567,000"
--,Josh James,HOU,RP,"$566,800",1 (2019),"$566,800","$566,800"
--,Tyler Glasnow,TB,SP,"$566,700",1 (2019),"$566,700","$566,700"
--,Dinelson Lamet,SD,SP,"$566,700",1 (2019),"$566,700","$566,700"
--,Framber Valdez,HOU,RP,"$566,600",1 (2019),"$566,600","$566,600"
--,Daniel Stumpf,DET,RP,"$566,600",1 (2019),"$566,600","$566,600"
--,Orlando Arcia,MIL,SS,"$565,700",1 (2019),"$565,700","$565,700"
--,Pablo Reyes,PIT,OF,"$565,500",1 (2019),"$565,500","$565,500"
--,Ryan Borucki,TOR,SP,"$565,200",1 (2019),"$565,200","$565,200"
--,Joey Lucchesi,SD,SP,"$565,100",1 (2019),"$565,100","$565,100"
--,Dylan Moore,SEA,3B,"$565,000",1 (2019),"$565,000","$565,000"
--,Dylan Floro,LAD,RP,"$565,000",1 (2019),"$565,000","$565,000"
--,Max Fried,ATL,RP,"$565,000",1 (2019),"$565,000","$565,000"
--,German Marquez,COL,SP,"$565,000",1 (2019),"$565,000","$565,000"
--,Julio Urias,LAD,SP,"$565,000",1 (2019),"$565,000","$565,000"
--,Bryse Wilson,ATL,SP,"$565,000",1 (2019),"$565,000","$565,000"
--,Kyle Wright,ATL,SP,"$565,000",1 (2019),"$565,000","$565,000"
--,Chad Sobotka,ATL,RP,"$565,000",1 (2019),"$565,000","$565,000"
--,Wes Parsons,ATL,RP,"$565,000",1 (2019),"$565,000","$565,000"
--,Kyle Freeland,COL,SP,"$565,000",1 (2019),"$565,000","$565,000"
--,Chad Pinder,OAK,1B,"$565,000",1 (2019),"$565,000","$565,000"
--,Tayron Guerrero,MIA,RP,"$565,000",1 (2019),"$565,000","$565,000"
--,Jharel Cotton,OAK,SP,"$565,000",1 (2019),"$565,000","$565,000"
--,Andrew Knapp,PHI,C,"$565,000",1 (2019),"$565,000","$565,000"
--,Chris Bassitt,OAK,RP,"$565,000",1 (2019),"$565,000","$565,000"
--,Brock Stewart,LAD,RP,"$565,000",1 (2019),"$565,000","$565,000"
--,Robert Stephenson,CIN,SP,"$565,000",0 (2019),"$565,000",$NaN
--,Alex Reyes,STL,SP,"$564,600",1 (2019),"$564,600","$564,600"
--,Freddy Peralta,MIL,SP,"$564,600",1 (2019),"$564,600","$564,600"
--,Jordan Luplow,CLE,OF,"$564,500",1 (2019),"$564,500","$564,500"
--,Koda Glover,WSH,RP,"$564,300",1 (2019),"$564,300","$564,300"
--,Ryne Stanek,TB,RP,"$564,200",1 (2019),"$564,200","$564,200"
--,Drew Robinson,STL,3B,"$564,100",1 (2019),"$564,100","$564,100"
--,Marco Hernandez,BOS,3B,"$564,000",1 (2019),"$564,000","$564,000"
--,Seranthony Dominguez,PHI,RP,"$564,000",1 (2019),"$564,000","$564,000"
--,Jacob Stallings,PIT,C,"$564,000",1 (2019),"$564,000","$564,000"
--,Tyler O'Neill,STL,OF,"$564,000",1 (2019),"$564,000","$564,000"
--,Randy Rosario,CHC,RP,"$564,000",1 (2019),"$564,000","$564,000"
--,Adam Cimber,CLE,RP,"$563,800",1 (2019),"$563,800","$563,800"
--,Taylor Williams,MIL,RP,"$563,800",1 (2019),"$563,800","$563,800"
--,Mike Mayers,STL,RP,"$563,700",1 (2019),"$563,700","$563,700"
--,Pedro Severino,BAL,C,"$563,500",1 (2019),"$563,500","$563,500"
--,David Hess,BAL,SP,"$563,500",1 (2019),"$563,500","$563,500"
--,Keynan Middleton,LAA,RP,"$563,500",1 (2019),"$563,500","$563,500"
--,Ryan Yarbrough,TB,SP,"$563,400",1 (2019),"$563,400","$563,400"
--,Phil Maton,SD,RP,"$562,900",1 (2019),"$562,900","$562,900"
--,Corbin Burnes,MIL,SP,"$562,800",1 (2019),"$562,800","$562,800"
--,Dalton Pompey,TOR,OF,"$562,800",1 (2019),"$562,800","$562,800"
--,Eric Lauer,SD,SP,"$562,500",1 (2019),"$562,500","$562,500"
--,Wander Suero,WSH,RP,"$562,500",1 (2019),"$562,500","$562,500"
--,Willy Adames,TB,SS,"$562,400",1 (2019),"$562,400","$562,400"
--,Chasen Bradford,SEA,RP,"$562,300",1 (2019),"$562,300","$562,300"
--,Jorge Lopez,KC,SP,"$562,250",1 (2019),"$562,250","$562,250"
--,Jack Flaherty,STL,SP,"$562,100",1 (2019),"$562,100","$562,100"
--,Renato Nunez,BAL,3B,"$562,000",1 (2019),"$562,000","$562,000"
--,Yairo Munoz,STL,SS,"$562,000",1 (2019),"$562,000","$562,000"
--,Richard Urena,TOR,SS,"$562,000",1 (2019),"$562,000","$562,000"
--,Yonny Chirinos,TB,SP,"$561,800",1 (2019),"$561,800","$561,800"
--,David Bote,CHC,3B,"$561,500",1 (2019),"$561,500","$561,500"
--,David Fletcher,LAA,SS,"$561,500",1 (2019),"$561,500","$561,500"
--,Justin Anderson,LAA,RP,"$561,500",1 (2019),"$561,500","$561,500"
--,Diego Castillo,TB,RP,"$561,500",1 (2019),"$561,500","$561,500"
--,J.D. Davis,NYM,3B,"$561,420",1 (2019),"$561,420","$561,420"
--,Brandon Woodruff,MIL,SP,"$561,400",1 (2019),"$561,400","$561,400"
--,Dereck Rodriguez,SF,SP,"$561,250",1 (2019),"$561,250","$561,250"
--,Bradley Zimmer,CLE,CF,"$561,200",1 (2019),"$561,200","$561,200"
--,Socrates Brito,SD,RF,"$561,000",1 (2019),"$561,000","$561,000"
--,Tyler Olson,CLE,RP,"$560,900",1 (2019),"$560,900","$560,900"
--,Adam Kolarek,TB,RP,"$560,800",1 (2019),"$560,800","$560,800"
--,Jake Bauers,CLE,LF,"$560,400",1 (2019),"$560,400","$560,400"
--,Greg Allen,CLE,OF,"$560,400",1 (2019),"$560,400","$560,400"
--,Miguel Diaz,SD,RP,"$560,400",1 (2019),"$560,400","$560,400"
--,Wilmer Font,TB,RP,"$560,400",1 (2019),"$560,400","$560,400"
--,Jose Castillo,SD,RP,"$560,300",1 (2019),"$560,300","$560,300"
--,Franchy Cordero,SD,CF,"$560,100",1 (2019),"$560,100","$560,100"
--,Dwight Smith Jr.,BAL,OF,"$560,100",1 (2019),"$560,100","$560,100"
--,Thomas Pannone,TOR,RP,"$560,100",1 (2019),"$560,100","$560,100"
--,Ronald Acuna Jr.,ATL,LF,"$560,000",1 (2019),"$560,000","$560,000"
--,Carson Kelly,ARI,C,"$560,000",1 (2019),"$560,000","$560,000"
--,David Dahl,COL,LF,"$560,000",1 (2019),"$560,000","$560,000"
--,Ryan McMahon,COL,2B,"$560,000",1 (2019),"$560,000","$560,000"
--,Raimel Tapia,COL,OF,"$560,000",1 (2019),"$560,000","$560,000"
--,Antonio Senzatela,COL,SP,"$560,000",1 (2019),"$560,000","$560,000"
--,Jose Rondon,CWS,SS,"$560,000",1 (2019),"$560,000","$560,000"
--,Alex Verdugo,LAD,OF,"$560,000",1 (2019),"$560,000","$560,000"
--,Caleb Ferguson,LAD,RP,"$560,000",1 (2019),"$560,000","$560,000"
--,JT Riddle,MIA,SS,"$560,000",1 (2019),"$560,000","$560,000"
--,Rosell Herrera,MIA,OF,"$560,000",1 (2019),"$560,000","$560,000"
--,Willians Astudillo,MIN,C,"$560,000",1 (2019),"$560,000","$560,000"
--,Adalberto Mejia,MIN,RP,"$560,000",1 (2019),"$560,000","$560,000"
--,Matt Magill,MIN,RP,"$560,000",1 (2019),"$560,000","$560,000"
--,Gabriel Moya,MIN,RP,"$560,000",1 (2019),"$560,000","$560,000"
--,Daniel Gossett,OAK,SP,"$560,000",1 (2019),"$560,000","$560,000"
--,Frankie Montas,OAK,SP,"$560,000",1 (2019),"$560,000","$560,000"
--,Aaron Brooks,OAK,SP,"$560,000",1 (2019),"$560,000","$560,000"
--,Robert Stock,SD,RP,"$559,900",1 (2019),"$559,500","$559,500"
--,Christian Walker,ARI,1B,"$559,800",1 (2019),"$559,800","$559,800"
--,Shane Bieber,CLE,SP,"$559,600",1 (2019),"$559,600","$559,600"
--,Billy McKinney,TOR,OF,"$559,400",1 (2019),"$559,400","$559,400"
--,Dominic Smith,NYM,1B,"$559,320",1 (2019),"$559,320","$559,320"
--,Nick Rumbelow,SEA,RP,"$559,300",1 (2019),"$559,300","$559,300"
--,Shawn Armstrong,SEA,RP,"$559,100",1 (2019),"$559,100","$559,100"
--,Dakota Hudson,STL,SP,"$559,100",1 (2019),"$559,100","$559,100"
--,Victor Alcantara,DET,RP,"$559,100",1 (2019),"$559,100","$559,100"
--,Andrew Stevenson,WSH,OF,"$559,100",1 (2019),"$559,100","$559,100"
--,Paul Fry,BAL,RP,"$559,000",1 (2019),"$559,000","$559,000"
--,Jimmy Yacabonis,BAL,RP,"$559,000",1 (2019),"$559,000","$559,000"
--,Manny Banuelos,CWS,RP,"$559,000",1 (2019),"$559,000","$559,000"
--,Roman Quinn,PHI,OF,"$559,000",1 (2019),"$559,000","$559,000"
--,Nick Burdi,PIT,RP,"$559,000",1 (2019),"$559,000","$559,000"
--,Danny Jansen,TOR,C,"$558,700",1 (2019),"$558,700","$558,700"
--,Grayson Greiner,DET,C,"$558,600",1 (2019),"$558,600","$558,600"
--,Daniel Vogelbach,SEA,1B,"$558,600",1 (2019),"$558,600","$558,600"
--,Rio Ruiz,BAL,3B,"$558,500",1 (2019),"$558,500","$558,500"
--,Sam Travis,BOS,1B,"$558,500",1 (2019),"$558,500","$558,500"
--,David Freitas,SEA,C,"$558,500",1 (2019),"$558,500","$558,500"
--,Bobby Wahl,MIL,RP,"$558,400",0 (2019),"$558,400",$NaN
--,Yandy Diaz,TB,3B,"$558,400",1 (2019),"$558,400","$558,400"
--,Steven Duggar,SF,CF,"$558,125",1 (2019),"$558,125","$558,125"
--,Austin Wynns,BAL,C,"$558,000",1 (2019),"$558,000","$558,000"
--,Jose De Leon,TB,RP,"$558,000",1 (2019),"$558,000","$558,000"
--,Yohander Mendez,TEX,SP,"$558,000",1 (2019),"$558,000","$558,000"
--,Luke Farrell,TEX,RP,"$558,000",1 (2019),"$558,000","$558,000"
--,Victor Robles,WSH,CF,"$557,800",1 (2019),"$557,800","$557,800"
--,Ryan O'Hearn,KC,1B,"$557,650",1 (2019),"$557,650","$557,650"
--,Cedric Mullins,BAL,CF,"$557,500",1 (2019),"$557,500","$557,500"
--,Kyle Farmer,CIN,C,"$557,500",1 (2019),"$557,500","$557,500"
--,Alex Blandino,CIN,3B,"$557,500",1 (2019),"$557,500","$557,500"
--,Taylor Cole,LAA,RP,"$557,500",1 (2019),"$557,500","$557,500"
--,Drew Smith,NYM,RP,"$557,500",1 (2019),"$557,500","$557,500"
--,Nick Martini,OAK,OF,"$557,500",1 (2019),"$557,500","$557,500"
--,Lou Trivino,OAK,RP,"$557,500",1 (2019),"$557,500","$557,500"
--,J.B. Wendelken,OAK,RP,"$557,500",1 (2019),"$557,500","$557,500"
--,Ramon Laureano,OAK,CF,"$557,500",1 (2019),"$557,500","$557,500"
--,Kevin Newman,PIT,SS,"$557,500",1 (2019),"$557,500","$557,500"
--,Michael Reed,SF,RF,"$557,500",1 (2019),"$557,500","$557,500"
--,Austin Meadows,TB,RF,"$557,400",1 (2019),"$557,400","$557,400"
--,Stephen Tarpley,NYY,RP,"$557,250",1 (2019),"$557,250","$557,250"
--,Ty Buttrey,LAA,RP,"$557,250",1 (2019),"$557,250","$557,250"
--,Trey Wingenter,SD,RP,"$557,200",1 (2019),"$557,200","$557,200"
--,Cam Gallagher,KC,C,"$557,125",1 (2019),"$557,125","$557,125"
--,Pedro Araujo,BAL,RP,"$557,000",1 (2019),"$557,000","$557,000"
--,Colten Brewer,BOS,RP,"$557,000",1 (2019),"$557,000","$557,000"
--,Garrett Hampson,COL,2B,"$557,000",1 (2019),"$557,000","$557,000"
--,DJ Johnson,COL,RP,"$557,000",1 (2019),"$557,000","$557,000"
--,Harrison Musgrave,COL,RP,"$557,000",1 (2019),"$557,000","$557,000"
--,Mike Tauchman,NYY,OF,"$557,000",1 (2019),"$557,000","$557,000"
--,Jeffrey Springs,TEX,RP,"$557,000",1 (2019),"$557,000","$557,000"
--,Yoan Lopez,ARI,RP,"$556,900",1 (2019),"$556,900","$556,900"
--,Jacob Nix,SD,SP,"$556,800",1 (2019),"$556,800","$556,800"
--,Anthony Banda,TB,SP,"$556,800",1 (2019),"$556,800","$556,800"
--,Michael Perez,TB,C,"$556,700",1 (2019),"$556,700","$556,700"
--,Mark Zagunis,CHC,RF,"$556,500",1 (2019),"$556,500","$556,500"
--,Caleb Smith,MIA,SP,"$556,500",1 (2019),"$556,500","$556,500"
--,Jalen Beeks,TB,RP,"$556,500",1 (2019),"$556,500","$556,500"
--,Jonathan Davis,TOR,OF,"$556,500",1 (2019),"$556,500","$556,500"
--,Michael Hermosillo,LAA,OF,"$556,500",1 (2019),"$556,500","$556,500"
--,Christin Stewart,DET,LF,"$556,400",1 (2019),"$556,400","$556,400"
--,Francisco Mejia,SD,C,"$556,300",1 (2019),"$556,300","$556,300"
--,Tomas Nido,NYM,C,"$556,300",1 (2019),"$556,300","$556,300"
--,Spencer Turnbull,DET,SP,"$556,100",1 (2019),"$556,100","$556,100"
--,Ryan Burr,CWS,RP,"$556,000",1 (2019),"$556,000","$556,000"
--,Ian Hamilton,CWS,RP,"$556,000",1 (2019),"$556,000","$556,000"
--,Brett Kennedy,SD,SP,"$556,000",1 (2019),"$556,000","$556,000"
--,Luis Guillorme,NYM,2B,"$555,960",1 (2019),"$555,960","$555,960"
--,Jon Edwards,CLE,RP,"$555,900",1 (2019),"$555,900","$555,900"
--,John Means,BAL,RP,"$555,500",1 (2019),"$555,500","$555,500"
--,Matt Festa,SEA,RP,"$555,500",1 (2019),"$555,500","$555,500"
--,Trevor Oaks,KC,RP,"$555,350",0 (2019),"$555,350",$NaN
--,Gerson Bautista,SEA,RP,"$555,200",1 (2019),"$555,200","$555,200"
--,Justin Williams,STL,OF,"$555,100",0 (2019),"$555,100",$NaN
--,Troy Tulowitzki,NYY,SS,"$555,000",1 (2019),"$555,000","$555,000"
--,Jordan Hicks,STL,RP,"$555,000",1 (2019),"$555,000","$555,000"
--,Chris Paddack,SD,SP,"$555,000",1 (2019),"$555,000","$555,000"
--,Richie Martin,BAL,SS,"$555,000",1 (2019),"$555,000","$555,000"
--,Michael Kopech,CWS,SP,"$555,000",1 (2019),"$555,000","$555,000"
--,Drew Jackson,BAL,SS,"$555,000",1 (2019),"$555,000","$555,000"
--,Eric Stamets,CLE,SS,"$555,000",1 (2019),"$555,000","$555,000"
--,Caleb Frare,CWS,RP,"$555,000",1 (2019),"$555,000","$555,000"
--,Kyle Zimmer,KC,RP,"$555,000",1 (2019),"$555,000","$555,000"
--,Chris Ellis,KC,RP,"$555,000",1 (2019),"$555,000","$555,000"
--,Ben Heller,NYY,RP,"$555,000",1 (2019),"$555,000","$555,000"
--,Garrett Cooper,MIA,RF,"$555,000",1 (2019),"$555,000","$555,000"
--,Chad Wallach,MIA,C,"$555,000",1 (2019),"$555,000","$555,000"
--,Pablo Lopez,MIA,SP,"$555,000",1 (2019),"$555,000","$555,000"
--,Sandy Alcantara,MIA,SP,"$555,000",1 (2019),"$555,000","$555,000"
--,Tyler Kinley,MIA,RP,"$555,000",1 (2019),"$555,000","$555,000"
--,Nick Anderson,MIA,RP,"$555,000",1 (2019),"$555,000","$555,000"
--,Austin Brice,MIA,RP,"$555,000",1 (2019),"$555,000","$555,000"
--,Julian Fernandez,MIA,RP,"$555,000",1 (2019),"$555,000","$555,000"
--,Riley Ferrell,MIA,RP,"$555,000",1 (2019),"$555,000","$555,000"
--,Reed Garrett,DET,RP,"$555,000",1 (2019),"$555,000","$555,000"
--,Gregory Soto,DET,RP,"$555,000",1 (2019),"$555,000","$555,000"
--,Travis Bergen,SF,RP,"$555,000",1 (2019),"$555,000","$555,000"
--,Connor Joe,SF,3B,"$555,000",1 (2019),"$555,000","$555,000"
--,Scott Heineman,TEX,OF,"$555,000",1 (2019),"$555,000","$555,000"
--,Trent Thornton,TOR,SP,"$555,000",1 (2019),"$555,000","$555,000"
--,Elvis Luciano,TOR,RP,"$555,000",1 (2019),"$555,000","$555,000"
--,Kyle Dowdy,TEX,RP,"$555,000",1 (2019),"$555,000","$555,000"
--,Ryan Cordell,CWS,OF,"$555,000",1 (2019),"$555,000","$555,000"
--,Kyle Bird,TEX,RP,"$555,000",1 (2019),"$555,000","$555,000"
--,Javy Guerra,TOR,RP,"$555,000",1 (2019),"$555,000","$555,000"
--,Fernando Tatis Jr.,SD,SS,"$555,000",1 (2019),"$555,000","$555,000"
--,Dustin Peterson,DET,OF,"$555,000",1 (2019),"$555,000","$555,000"
--,Pete Alonso,NYM,1B,"$555,000",1 (2019),"$555,000","$555,000"
--,Tim Peterson,NYM,RP,"$555,000",1 (2019),"$555,000","$555,000"
--,Jake Noll,WSH,2B,"$555,000",1 (2019),"$555,000","$555,000"
--,Frank Schwindel,KC,1B,"$555,000",1 (2019),"$555,000","$555,000"
--,Nick Vincent,SF,RP,"$555,000",1 (2019),"$555,000","$555,000"
--,Rowdy Tellez,TOR,1B,"$555,000",1 (2019),"$555,000","$555,000"
--,Ildemaro Vargas,ARI,SS,"$555,000",1 (2019),"$555,000","$555,000"
--,Ryne Harper,MIN,RP,"$555,000",1 (2019),"$555,000","$555,000"
