Tm,Salary,Cap Hit,Player
TOR,"16,000,000","10,893,000","Marner, Mitchell"
TOR,"15,900,000","11,000,000",John Tavares
TOR,"15,900,000","11,634,000",Auston Matthews
EDM,"15,000,000","12,500,000",Connor McDavid
MTL,"15,000,000","10,500,000",Carey Price
SJS,"14,500,000","11,500,000",Erik Karlsson
NYR,"14,000,000","11,642,857",Artemi Panarin
DAL,"13,500,000","9,850,000",Tyler Seguin
DAL,"13,000,000","9,500,000",Jamie Benn
TBL,"12,000,000","9,500,000",Nikita Kucherov
CAR,"12,000,000","8,454,000",Sebastian Aho
LAK,"12,000,000","11,000,000",Drew Doughty
NYR,"12,000,000","8,000,000",Jacob Trouba
VEG,"12,000,000","9,500,000",Mark Stone
WSH,"12,000,000","8,000,000",John Carlson
FLA,"11,500,000","10,000,000",Sergei Bobrovsky
LAK,"11,000,000","10,000,000",Anze Kopitar
VEG,"10,500,000","7,000,000",Max Pacioretty
SJS,"10,000,000","8,000,000",Logan Couture
BUF,"10,000,000","9,000,000",Jeff Skinner
NJD,"10,000,000","9,000,000",P.K. Subban
BUF,"10,000,000","10,000,000",Jack Eichel
NSH,"10,000,000","8,000,000",Matt Duchene
WPG,"10,000,000","8,250,000",Blake Wheeler
WSH,"10,000,000","9,538,462",Alex Ovechkin
SJS,"10,000,000","8,000,000",Brent Burns
CHI,"9,800,000","10,500,000",Jonathan Toews
CHI,"9,800,000","10,500,000",Patrick Kane
PIT,"9,500,000","9,500,000",Evgeni Malkin
TBL,"9,500,000","8,500,000",Steven Stamkos
PHI,"9,250,000","8,250,000",Jakub Voracek
EDM,"9,000,000","8,500,000",Leon Draisaitl
PIT,"9,000,000","8,700,000",Sidney Crosby
TOR,"9,000,000","6,962,366",William Nylander
FLA,"9,000,000","7,500,000",Aaron Ekblad
PHI,"9,000,000","7,142,857",Kevin Hayes
NYI,"9,000,000","7,000,000",Anders Lee
MIN,"9,000,000","7,538,461",Ryan Suter
MIN,"9,000,000","7,538,461",Zach Parise
VEG,"8,800,000","5,950,000",Nate Schmidt
VEG,"8,500,000","7,000,000",Marc-Andre Fleury
TBL,"8,400,000","6,750,000",Ryan McDonagh
WSH,"8,400,000","7,800,000",Evgeny Kuznetsov
ANA,"8,275,000","8,250,000",Ryan Getzlaf
PHI,"8,000,000","8,275,000",Claude Giroux
SJS,"8,000,000","7,000,000",Evander Kane
TBL,"8,000,000","7,875,000",Victor Hedman
DAL,"8,000,000","7,000,000",Joe Pavelski
WSH,"8,000,000","6,700,000",Nicklas Backstrom
PHI,"8,000,000","7,000,000",James van Riemsdyk
NSH,"8,000,000","8,000,000",Ryan Johansen
NYI,"8,000,000","6,000,000",Brock Nelson
ARI,"8,000,000","8,250,000",Oliver Ekman-Larsson
NSH,"7,700,000","6,250,000",Ryan Ellis
OTT,"7,500,000","7,250,000",Bobby Ryan
BOS,"7,500,000","6,125,000",Brad Marchand
STL,"7,500,000","6,500,000",Alex Pietrangelo
CHI,"7,500,000","6,875,000",Brent Seabrook
WPG,"7,500,000","7,142,857",Kyle Connor
ANA,"7,500,000","6,500,000",Cam Fowler
MIN,"7,400,000","6,000,000","Dumba, Matt"
CBJ,"7,375,000","5,875,000",Cam Atkinson
PIT,"7,250,000","7,250,000",Kris Letang
SJS,"7,250,000","7,000,000",Marc-Edouard Vlasic
NYR,"7,000,000","8,500,000",Henrik Lundqvist
LAK,"7,000,000","5,800,000",Jonathan Quick
PIT,"7,000,000","6,000,000",Jake Guentzel
VAN,"7,000,000","6,000,000",Tyler Myers
VAN,"7,000,000","6,000,000",Alexander Edler
BOS,"7,000,000","7,250,000",David Krejci
DAL,"7,000,000","5,800,000",Esa Lindell
DET,"7,000,000","6,100,000",Dylan Larkin
FLA,"6,900,000","5,900,000",Aleksander Barkov
BOS,"6,800,000","6,666,666",David Pastrnak
PHI,"6,750,000","6,750,000",Ivan Provorov
CGY,"6,750,000","6,375,000",Sean Monahan
CGY,"6,750,000","6,750,000",Johnny Gaudreau
WPG,"6,750,000","6,125,000",Mark Scheifele
CGY,"6,750,000","6,750,000",Mark Giordano
COL,"6,750,000","6,300,000",Nathan MacKinnon
CHI,"6,750,000","6,000,000",Brandon Saad
SJS,"6,750,000","5,750,000",Martin Jones
DAL,"6,600,000","6,250,000",Alexander Radulov
NSH,"6,500,000","5,750,000",Mikael Granlund
WPG,"6,500,000","6,000,000",Nikolaj Ehlers
BOS,"6,500,000","7,000,000",Tuukka Rask
WSH,"6,500,000","5,750,000",T.J. Oshie
VEG,"6,500,000","6,500,000",Paul Stastny
WSH,"6,500,000","5,100,000",Dmitry Orlov
ANA,"6,400,000","6,400,000",John Gibson
TBL,"6,300,000","5,166,666",Yanni Gourde
MIN,"6,250,000","5,500,000",Jason Zucker
CAR,"6,250,000","5,400,000",Teuvo Teravainen
SJS,"6,250,000","5,625,000",Tomas Hertl
FLA,"6,200,000","5,900,000",Jonathan Huberdeau
VAN,"6,000,000","5,250,000",J.T. Miller
CAR,"6,000,000","5,750,000",Dougie Hamilton
CBJ,"6,000,000","5,500,000",Gustav Nyquist
EDM,"6,000,000","6,000,000",Ryan Nugent-Hopkins
BUF,"6,000,000","6,000,000",Kyle Okposo
LAK,"6,000,000","6,250,000",Ilya Kovalchuk
NSH,"6,000,000","6,000,000",Kyle Turris
PIT,"6,000,000","5,500,000",Justin Schultz
MTL,"6,000,000","7,857,143",Shea Weber
NJD,"6,000,000","6,000,000",Cory Schneider
NSH,"6,000,000","6,000,000",Filip Forsberg
WPG,"6,000,000","6,750,000",Patrik Laine
NYI,"6,000,000","5,000,000",Josh Bailey
NSH,"6,000,000","5,000,000",Pekka Rinne
NJD,"6,000,000","6,000,000",Taylor Hall
STL,"6,000,000","7,500,000",Ryan O'Reilly
NYI,"6,000,000","5,500,000",Nick Leddy
NYI,"6,000,000","5,000,000",Semyon Varlamov
WPG,"6,000,000","6,166,666",Connor Hellebuyck
NYI,"6,000,000","6,000,000",Johnny Boychuk
COL,"6,000,000","6,000,000",Erik Johnson
CAR,"6,000,000","6,000,000",Jordan Staal
VEG,"6,000,000","5,000,000",Jonathan Marchessault
ARI,"5,950,000","6,800,000",Phil Kessel
VEG,"5,900,000","5,900,000",William Karlsson
CAR,"5,850,000","5,250,000",Nino Niederreiter
CGY,"5,850,000","4,850,000",Elias Lindholm
CGY,"5,850,000","5,350,000",Mikael Backlund
ANA,"5,825,000","5,825,000",Adam Henrique
ARI,"5,800,000","5,475,000",Alex Goligoski
VAN,"5,775,000","5,500,000",Bo Horvat
NJD,"5,750,000","5,750,000",Travis Zajac
FLA,"5,750,000","6,350,000",Keith Yandle
STL,"5,750,000","5,350,000",Jaden Schwartz
PHI,"5,750,000","5,750,000",Matt Niskanen
EDM,"5,750,000","5,750,000",James Neal
FLA,"5,650,000","5,187,500",Mike Hoffman
STL,"5,525,000","5,500,000",Colton Parayko
LAK,"5,500,000","5,875,000",Dustin Brown
TBL,"5,500,000","5,000,000",Tyler Johnson
FLA,"5,500,000","5,500,000",Anton Stralman
MTL,"5,500,000","5,500,000",Jonathan Drouin
DAL,"5,500,000","4,916,666",Ben Bishop
DET,"5,500,000","5,250,000",Frans Nielsen
MIN,"5,500,000","5,187,500",Jared Spurgeon
CAR,"5,500,000","5,300,000",Jaccob Slavin
CBJ,"5,500,000","5,500,000",Nick Foligno
CBJ,"5,400,000","5,400,000",Seth Jones
BUF,"5,400,000","5,400,000",Rasmus Ristolainen
NYR,"5,400,000","5,250,000",Brady Skjei
NYR,"5,350,000","5,350,000",Mika Zibanejad
CBJ,"5,350,000","4,900,000",Alexander Wennberg
TBL,"5,300,000","5,300,000",Ondrej Palat
FLA,"5,250,000","4,750,000",Vincent Trocheck
STL,"5,250,000","5,000,000",Tyler Bozak
ANA,"5,250,000","5,250,000",Jakob Silfverberg
ANA,"5,250,000","5,205,556",Hampus Lindholm
DET,"5,250,000","5,375,000",Mike Green
PHI,"5,250,000","4,500,000",Shayne Gostisbehere
TBL,"5,250,000","6,750,000",Brayden Point
CGY,"5,250,000","5,250,000",Milan Lucic
VAN,"5,250,000","4,450,000","Tanev, Christopher"
EDM,"5,200,000","4,500,000",Mikko Koskinen
VEG,"5,200,000","5,200,000",Shea Theodore
STL,"5,200,000","4,350,000",Jake Allen
STL,"5,151,725","4,150,000",Justin Faulk
TOR,"5,000,000","3,400,000",Andreas Johnsson
CBJ,"5,000,000","4,250,000",David Savard
CHI,"5,000,000","6,000,000",Corey Crawford
NJD,"5,000,000","4,650,000",Kyle Palmieri
NYR,"5,000,000","5,700,000",Marc Staal
VEG,"5,000,000","5,000,000",Reilly Smith
TOR,"5,000,000","3,500,000",Alexander Kerfoot
NJD,"5,000,000","5,000,000",Andy Greene
NJD,"5,000,000","5,000,000",Wayne Simmonds
CGY,"5,000,000","7,000,000",Matthew Tkachuk
BOS,"5,000,000","5,250,000",Torey Krug
DAL,"5,000,000","4,250,000",John Klingberg
VAN,"5,000,000","6,000,000",Loui Eriksson
MIN,"5,000,000","5,500,000",Mikko Koivu
ARI,"5,000,000","6,500,000",Derek Stepan
TOR,"5,000,000","5,000,000",Frederik Andersen
WSH,"5,000,000","6,100,000",Braden Holtby
ARI,"5,000,000","4,250,000",Antti Raanta
PIT,"5,000,000","4,100,000",Nick Bjugstad
TOR,"5,000,000","5,000,000",Morgan Rielly
MIN,"5,000,000","6,000,000",Mats Zuccarello
CHI,"5,000,000","5,000,000",Robin Lehner
BUF,"5,000,000","4,500,000",Marcus Johansson
NJD,"5,000,000","4,500,000",Nikita Gusev
MTL,"4,981,132","4,800,000",Tomas Tatar
CGY,"4,950,000","4,950,000",Noah Hanifin
COL,"4,900,000","3,900,000",Joonas Donskoi
PIT,"4,900,000","4,900,000",Alex Galchenyuk
CGY,"4,875,000","3,857,143",Travis Hamonic
CGY,"4,838,000","4,650,400","Brodie, TJ"
LAK,"4,800,000","4,600,000",Tyler Toffoli
DET,"4,750,000","4,250,000",Justin Abdelkader
MIN,"4,750,000","4,166,667",Jonas Brodin
COL,"4,750,000","4,250,000",Ian Cole
VEG,"4,750,000","4,750,000",Alex Tuch
NSH,"4,750,000","4,250,000",Craig Smith
STL,"4,750,000","4,000,000",David Perron
CHI,"4,700,000","4,550,000",Calvin de Haan
NJD,"4,675,000","4,166,666",Damon Severson
STL,"4,550,000","4,400,000",Jordan Binnington
NYR,"4,525,000","4,350,000",Brendan Smith
NJD,"4,500,000","4,875,000",Sami Vatanen
WSH,"4,500,000","5,166,666",Tom Wilson
STL,"4,500,000","5,125,000",Brayden Schenn
PHI,"4,500,000","4,333,333",Sean Couturier
EDM,"4,500,000","4,167,000",Oscar Klefbom
ANA,"4,500,000","4,000,000",Erik Gudbranson
COL,"4,500,000","4,500,000",Nazem Kadri
TOR,"4,500,000","4,500,000",Cody Ceci
VAN,"4,500,000","4,375,000",Brandon Sutter
OTT,"4,500,000","4,500,000",Nikita Zaitsev
TBL,"4,450,000","4,450,000",Alex Killorn
TOR,"4,450,000","4,000,000",Jake Muzzin
TOR,"4,400,000","3,200,000",Kasperi Kapanen
BOS,"4,375,000","6,875,000",Patrice Bergeron
WPG,"4,333,333","4,333,333",Dmitry Kulikov
BOS,"4,250,000","3,200,000",Charlie Coyle
NSH,"4,250,000","4,250,000",Viktor Arvidsson
LAK,"4,150,000","4,000,000",Alec Martinez
PIT,"4,100,000","4,100,000",Brian Dumoulin
NSH,"4,100,000","4,100,000",Nick Bonino
CHI,"4,083,300","4,083,333",Olli Maatta
CAR,"4,025,000","4,025,000",Brett Pesce
WSH,"4,000,000","3,500,000",Lars Eller
MTL,"4,000,000","5,500,000",Jeff Petry
EDM,"4,000,000","4,000,000",Kris Russell
ARI,"4,000,000","4,750,000",Carl Soderberg
NSH,"4,000,000","3,750,000",Mattias Ekholm
CBJ,"4,000,000","5,000,000","Werenski, Zachary"
VAN,"4,000,000","5,875,000",Brock Boeser
MIN,"4,000,000","4,000,000",Victor Rask
NSH,"4,000,000","4,000,000",Roman Josi
PHI,"4,000,000","5,500,000",Travis Konecny
VAN,"4,000,000","3,666,667",Jacob Markstrom
CBJ,"4,000,000","3,750,000",Boone Jenner
DET,"4,000,000","4,000,000",Jimmy Howard
MTL,"4,000,000","3,400,000",Paul Byron
OTT,"4,000,000","4,550,000",Artem Anisimov
BOS,"4,000,000","6,000,000",David Backes
OTT,"4,000,000","4,750,000",Craig Anderson
PIT,"4,000,000","3,250,000",Jack Johnson
WPG,"4,000,000","4,125,000",Mathieu Perreault
TBL,"4,000,000","3,500,000",Andrei Vasilevskiy
SJS,"4,000,000","6,000,000",Timo Meier
MTL,"4,000,000","3,750,000",Brendan Gallagher
NYR,"4,000,000","4,625,000",Chris Kreider
SJS,"3,900,000","3,270,000",Brenden Dillon
COL,"3,900,000","3,333,333",Philipp Grubauer
BUF,"3,875,000","3,875,000",Colin Miller
VEG,"3,850,000","3,850,000",Cody Eakin
VAN,"3,850,000","3,750,000",Tanner Pearson
ANA,"3,800,000","3,789,444",Rickard Rakell
PHI,"3,800,000","3,800,000",Justin Braun
ARI,"3,775,000","3,350,000",Michael Grabner
PIT,"3,750,000","3,750,000",Matt Murray
NYI,"3,750,000","3,350,000",Casey Cizikas
NYI,"3,750,000","3,333,333",Thomas Greiss
BUF,"3,750,000","3,650,000",Sam Reinhart
BOS,"3,700,000","4,900,000",Charlie McAvoy
VAN,"3,700,000","3,366,666",Sven Baertschi
WSH,"3,700,000","3,350,000",Jakub Vrana
CAR,"3,650,000","4,050,000",Jake Gardiner
FLA,"3,600,000","4,000,000","Dadonov, Evgeni"
BUF,"3,525,000","3,387,500",Brandon Montour
CHI,"3,500,000","5,538,462",Duncan Keith
MIN,"3,500,000","4,333,333",Devan Dubnyk
FLA,"3,500,000","2,733,333",Mark Pysyk
MIN,"3,500,000","3,250,000",Eric Staal
NYI,"3,500,000","3,500,000",Cal Clutterbuck
PIT,"3,500,000","3,500,000",Bryan Rust
PIT,"3,500,000","3,500,000",Brandon Tanev
WSH,"3,500,000","2,750,000",Carl Hagelin
FLA,"3,500,000","4,875,000","Matheson, Michael"
NJD,"3,500,000","3,733,333",Will Butcher
OTT,"3,500,000","3,500,000",Ron Hainsey
MIN,"3,500,000","2,875,000",Marcus Foligno
MTL,"3,500,000","3,500,000",Ben Chiarot
FLA,"3,500,000","3,500,000",Brett Connolly
NSH,"3,450,000","2,857,143",Colton Sissons
COL,"3,400,000","3,500,000",J.T. Compher
OTT,"3,400,000","3,100,000",Jean-Gabriel Pageau
DET,"3,300,000","3,300,000",Anthony Mantha
DAL,"3,250,000","3,250,000",Andrew Cogliano
COL,"3,250,000","3,250,000",Andre Burakovsky
ARI,"3,250,000","4,450,000",Christian Dvorak
PHI,"3,250,000","3,250,000",Travis Sanheim
CAR,"3,250,000","3,375,000",Ryan Dzingel
DET,"3,250,000","3,000,000",Jonathan Bernier
OTT,"3,250,000","3,250,000",Vladislav Namestnikov
CHI,"3,250,000","3,250,000",Zack Smith
STL,"3,250,000","3,250,000",Jay Bouwmeester
CHI,"3,250,000","3,900,000",Andrew Shaw
EDM,"3,200,000","3,200,000",Darnell Nurse
VAN,"3,200,000","3,000,000",Jay Beagle
COL,"3,200,000","3,200,000",Nikita Zadorov
DET,"3,200,000","3,000,000",Patrik Nemeth
NYR,"3,200,000","3,100,000",Ryan Strome
EDM,"3,200,000","3,150,000",Sam Gagner
ARI,"3,150,000","3,937,500",Jason Demers
WPG,"3,150,000","3,150,000","Morrissey, Joshua"
MTL,"3,150,000","3,150,000",Max Domi
CGY,"3,125,000","3,125,000",Derek Ryan
CAR,"3,100,000","3,100,000",Joel Edmundson
CAR,"3,100,000","3,400,000",James Reimer
WSH,"3,000,000","2,500,000",Nick Jensen
DET,"3,000,000","3,850,000",Darren Helm
TOR,"3,000,000","2,750,000",Tyson Barrie
ARI,"3,000,000","5,850,000",Nick Schmaltz
CGY,"3,000,000","4,300,000",Michael Frolik
BUF,"3,000,000","3,000,000",Conor Sheary
MTL,"3,000,000","3,083,333",Phillip Danault
BUF,"3,000,000","3,500,000",Vladimir Sobotka
OTT,"3,000,000","4,000,000",Mikkel Boedker
CAR,"3,000,000","3,125,000",Petr Mrazek
DET,"3,000,000","3,000,000",Valtteri Filppula
NYR,"3,000,000","3,250,000",Pavel Buchnevich
LAK,"3,000,000","5,272,727",Jeff Carter
DET,"3,000,000","3,000,000",Andreas Athanasiou
OTT,"2,975,000","2,937,500",Chris Tierney
COL,"2,925,000","2,850,000",Matt Calvert
BUF,"2,900,000","2,850,000",Jake McCabe
WPG,"2,850,000","3,000,000",Neal Pionk
BOS,"2,825,000","2,800,000",Danton Heinen
MTL,"2,800,000","2,600,000",Joel Armia
OTT,"2,800,000","2,600,000",Anders Nilsson
VEG,"2,775,000","2,775,000",Ryan Reaves
BUF,"2,750,000","2,750,000",Carter Hutton
CGY,"2,750,000","2,750,000",Cam Talbot
CAR,"2,750,000","2,750,000",Erik Haula
CGY,"2,750,000","2,750,000",David Rittich
CBJ,"2,750,000","2,750,000",Riley Nash
WPG,"2,750,000","2,916,666",Adam Lowry
WSH,"2,700,000","2,500,000",Michal Kempny
NYI,"2,650,000","2,000,000",Ryan Pulock
ANA,"2,600,000","2,600,000",Ondrej Kase
ARI,"2,600,000","4,600,000",Jakob Chychrun
DAL,"2,600,000","2,400,000",Blake Comeau
CGY,"2,550,000","2,550,000",Sam Bennett
MIN,"2,500,000","3,000,000",Kevin Fiala
DAL,"2,500,000","2,500,000",Anton Khudobin
CAR,"2,500,000","2,300,000",Trevor van Riemsdyk
VEG,"2,500,000","2,500,000",Brayden McNabb
CBJ,"2,500,000","2,500,000",Oliver Bjorkstrand
NJD,"2,500,000","2,750,000",Miles Wood
FLA,"2,500,000","2,533,333",Frank Vatrano
CBJ,"2,500,000","2,700,000",Markus Nutivaara
MTL,"2,400,000","2,400,000",Artturi Lehkonen
DAL,"2,400,000","2,200,000",Radek Faksa
LAK,"2,400,000","2,425,000",Alex Iafallo
VAN,"2,400,000","2,000,000",Jordie Benn
ANA,"2,400,000","2,300,000",Devin Shore
BUF,"2,350,000","2,275,000",Jimmy Vesey
VAN,"2,325,000","2,325,000",Troy Stecher
DAL,"2,300,000","2,300,000",Mattias Janmark
WPG,"2,260,000","2,280,000",Andrew Copp
BOS,"2,250,000","2,750,000",Jaroslav Halak
STL,"2,250,000","2,750,000",Oskar Sundqvist
BOS,"2,200,000","2,850,000",Brandon Carlo
NSH,"2,200,000","2,000,000",Calle Jarnkrok
EDM,"2,150,000","2,150,000",Alex Chiasson
COL,"2,150,000","1,800,000",Pierre-Edouard Bellemare
OTT,"2,100,000","2,100,000",Connor Brown
CBJ,"2,100,000","1,850,000",Josh Anderson
ARI,"2,100,000","1,850,000",Darcy Kuemper
BUF,"2,000,000","2,000,000",Evan Rodrigues
EDM,"2,000,000","2,000,000",Mike Smith
EDM,"2,000,000","1,900,000","Benning, Matthew"
LAK,"2,000,000","2,000,000",Trevor Lewis
EDM,"2,000,000","1,950,000",Zack Kassian
SJS,"2,000,000","2,000,000",Joe Thornton
WSH,"2,000,000","1,500,000",Garnet Hathaway
SJS,"2,000,000","2,000,000",Melker Karlsson
FLA,"2,000,000","1,666,667",Noel Acciari
PHI,"2,000,000","2,000,000",Brian Elliott
EDM,"2,000,000","2,250,000",Brandon Manning
BOS,"2,000,000","2,000,000",Zdeno Chara
COL,"1,975,000","1,975,000","Nieto, Matt"
DAL,"1,962,500","2,137,500",Jamie Oleksiak
NYR,"1,950,000","1,850,000",Jesper Fast
MTL,"1,950,000","1,850,000",Brett Kulak
NYI,"1,925,000","1,600,000",Adam Pelech
LAK,"1,900,000","1,600,000",Kyle Clifford
CAR,"1,900,000","2,100,000",Brock McGinn
VAN,"1,900,000","1,900,000",Tim Schaller
MIN,"1,900,000","1,900,000",Ryan Hartman
NYI,"1,800,000","2,100,000",Anthony Beauvillier
VEG,"1,800,000","2,200,000",Nick Holden
PHI,"1,800,000","1,600,000",Michael Raffl
NJD,"1,800,000","1,800,000",Blake Coleman
TBL,"1,800,000","1,700,000",Braydon Coburn
STL,"1,750,000","1,750,000",Carl Gunnarsson
WSH,"1,750,000","2,345,000",Radko Gudas
NJD,"1,750,000","2,250,000",Pavel Zacha
MTL,"1,750,000","1,750,000",Keith Kinkaid
TBL,"1,750,000","1,750,000",Kevin Shattenkirk
CGY,"1,750,000","1,675,000",Mark Jankowski
MIN,"1,650,000","1,900,000",Ryan Donato
OTT,"1,650,000","1,650,000",Anthony Duclair
TBL,"1,650,000","1,650,000",Cedric Paquette
BUF,"1,600,000","1,600,000",Zemgus Girgensons
CBJ,"1,600,000","1,633,333",Scott Harrington
SJS,"1,600,000","1,900,000",Aaron Dell
FLA,"1,600,000","1,600,000",MacKenzie Weegar
BUF,"1,550,000","1,550,000",Johan Larsson
VAN,"1,500,000","1,500,000",Josh Leivo
DAL,"1,500,000","1,500,000",Andrej Sekera
SJS,"1,500,000","1,500,000",Marcus Sorensen
NSH,"1,500,000","1,500,000",Juuse Saros
DAL,"1,500,000","1,500,000",Corey Perry
CHI,"1,500,000","1,500,000",Drake Caggiula
ARI,"1,500,000","1,500,000",Vinnie Hinostroza
MTL,"1,500,000","1,500,000",Mike Reilly
STL,"1,500,000","1,500,000","Sanford, Zachary"
LAK,"1,500,000","1,500,000",Ben Hutton
VAN,"1,500,000","1,250,000",Jake Virtanen
BOS,"1,475,000","1,275,000",Sean Kuraly
VEG,"1,475,000","1,375,000","Merrill, Jon"
COL,"1,450,000","1,450,000",Mark Barberio
MIN,"1,450,000","1,487,500",Joel Eriksson Ek
DAL,"1,400,000","1,500,000",Jason Dickinson
CHI,"1,400,000","1,200,000",Erik Gustafsson
NJD,"1,400,000","1,400,000",Mirco Mueller
DET,"1,400,000","1,400,000",Tyler Bertuzzi
STL,"1,400,000","1,475,000",Ivan Barbashev
BOS,"1,400,000","1,400,000",Matt Grzelcyk
ANA,"1,400,000","1,498,925",Nick Ritchie
STL,"1,375,000","1,375,000",Robert Bortuzzo
BUF,"1,325,000","1,325,000",Linus Ullmark
MTL,"1,300,000","1,400,000",Jordan Weal
PHI,"1,300,000","1,150,000",Robert Hagg
EDM,"1,300,000","1,300,000",Markus Granlund
TBL,"1,300,000","1,300,000",Jan Rutta
TBL,"1,300,000","1,300,000",Curtis McElhinney
BOS,"1,250,000","1,250,000",Chris Wagner
LAK,"1,250,000","2,000,000",Adrian Kempe
PIT,"1,250,000","1,250,000",Jared McCann
WPG,"1,225,000","1,225,000",Laurent Brossoit
NSH,"1,200,000","1,100,000",Austin Watson
NYI,"1,200,000","1,450,000",Scott Mayfield
ARI,"1,200,000","1,400,000",Jordan Oesterle
FLA,"1,200,000","1,200,000",Colton Sceviour
OTT,"1,200,000","1,200,000",Mark Borowiecki
NYI,"1,200,000","1,200,000",Derick Brassard
CBJ,"1,150,000","1,150,000",Joonas Korpisalo
ANA,"1,125,000","1,125,000",Ryan Miller
EDM,"1,100,000","1,200,000",Jujhar Khaira
WSH,"1,050,000","1,050,000",Chandler Stephenson
DET,"1,050,000","1,050,000",Adam Erne
BOS,"1,000,000","1,000,000",Brett Ritchie
CHI,"1,000,000","1,000,000",David Kampf
SJS,"1,000,000","1,000,000",Kevin Labanc
PIT,"1,000,000","1,000,000",Zach Aston-Reese
NSH,"1,000,000","1,250,000",Dan Hamhuis
CHI,"1,000,000","1,000,000",Ryan Carpenter
VEG,"1,000,000","1,000,000",Tomas Nosek
DET,"1,000,000","1,000,000",Madison Bowey
WPG,"1,000,000","1,000,000",Nathan Beaulieu
ANA,"1,000,000","1,133,333",Carter Rowney
NYI,"1,000,000","1,000,000",Ross Johnston
MTL,"1,000,000","1,000,000",Nick Cousins
EDM,"1,000,000","1,000,000",Joel Persson
ARI,"1,000,000","1,533,333",Lawson Crouse
MTL,"1,000,000","1,000,000",Nate Thompson
NSH,"1,000,000","1,000,000",Rocco Grimaldi
EDM,"1,000,000","1,000,000",Josh Archibald
PHI,"1,000,000","1,000,000",Tyler Pitlick
SJS,"1,000,000","925,000",Barclay Goodrow
SJS,"960,000","960,000",Tim Heed
STL,"950,000","900,000",Jacob de La Rose
ANA,"950,000","950,000",Nicolas Deslauriers
COL,"950,000","950,000",Pavel Francouz
FLA,"940,000","940,000",Brian Boyle
NJD,"925,000","925,000",Jesper Boqvist
NYR,"925,000","894,166",Filip Chytil
MIN,"925,000","916,666",Jordan Greenway
NJD,"925,000","925,000",Nico Hischier
COL,"925,000","880,833",Cale Makar
NYR,"925,000","833,333",Libor Hajek
VEG,"925,000","863,333",Cody Glass
NYR,"925,000","925,000",Brendan Lemieux
CHI,"925,000","894,167",Adam Boqvist
DET,"925,000","894,166",Dennis Cholowski
SJS,"925,000","925,000",Mario Ferraro
MIN,"925,000","925,000",Luke Kunin
ARI,"925,000","894,167",Barrett Hayton
NJD,"925,000","925,000",Jack Hughes
DET,"925,000","925,000",Taro Hirose
NYR,"925,000","925,000",Adam Fox
OTT,"925,000","863,333",Erik Brannstrom
STL,"925,000","894,166",Robert Thomas
NYR,"925,000","925,000",Kaapo Kakko
ANA,"925,000","925,000",Troy Terry
CHI,"925,000","925,000",Slater Koekkoek
MTL,"925,000","863,333",Nick Suzuki
BUF,"925,000","925,000",Henri Jokiharju
NYR,"925,000","925,000",Ryan Lindgren
WSH,"925,000","925,000",Ilya Samsonov
NYI,"925,000","925,000",Oliver Wahlstrom
MTL,"925,000","925,000",Ryan Poehling
CBJ,"925,000","925,000",Vladislav Gavrikov
VAN,"925,000","916,667",Adam Gaudette
BUF,"925,000","925,000",Rasmus Dahlin
LAK,"925,000","925,000",Carl Grundstrom
CAR,"925,000","863,333",Martin Necas
NYR,"925,000","925,000",Anthony DeAngelo
PHI,"925,000","925,000",Oskar Lindblom
BUF,"925,000","925,000",Casey Mittelstadt
TOR,"925,000","925,000",Ilya Mikheyev
PIT,"925,000","925,000",John Marino
OTT,"925,000","925,000",Brady Tkachuk
VAN,"925,000","925,000",Elias Pettersson
BUF,"925,000","925,000",Lawrence Pilut
LAK,"925,000","925,000",Nikolai Prokhorkin
CHI,"925,000","925,000",Dominik Kubal√≠k
TBL,"925,000","864,167",Alexander Volkov
CBJ,"925,000","897,500",Alexandre Texier
EDM,"925,000","925,000",Gaetan Haas
PHI,"925,000","925,000",Joel Farabee
VAN,"925,000","916,667","Hughes, Quintin"
NYR,"925,000","894,166",Lias Andersson
BOS,"925,000","925,000",Anders Bjork
DAL,"925,000","811,667",Roope Hintz
LAK,"925,000","925,000",Blake Lizotte
CBJ,"925,000","925,000",Matiss Kivlenieks
CHI,"925,000","925,000",Kirby Dach
CAR,"925,000","925,000",Andrei Svechnikov
CBJ,"925,000","925,000",Emil Bemstrom
DAL,"925,000","894,166",Miro Heiskanen
PIT,"925,000","925,000",Dominik Kahun
NSH,"925,000","925,000",Dante Fabbro
NYI,"925,000","894,167",Noah Dobson
MIN,"905,000","785,000",Alex Stalock
TBL,"900,000","900,000","Maroon, Patrick"
DET,"900,000","900,000",Robby Fabbri
VAN,"900,000","1,050,000",Thatcher Demko
OTT,"900,000","900,000",Dylan DeMelo
EDM,"900,000","900,000",Riley Sheahan
DET,"874,125","874,125",Brendan Perlini
ARI,"874,125","874,125",Ilya Lyubushkin
FLA,"874,125","874,125",Jayce Hawryluk
CBJ,"874,125","874,125",Sonny Milano
PIT,"874,125","874,125",Marcus Pettersson
CAR,"850,000","850,000",Haydn Fleury
ANA,"850,000","850,000",Korbinian Holzer
PIT,"850,000","850,000",Juuso Riikola
COL,"850,000","850,000",Valeri Nichushkin
STL,"850,000","850,000","Blais, Samuel"
VEG,"850,000","850,000",Malcolm Subban
VAN,"850,000","850,000",Oscar Fantenberg
CAR,"842,500","897,500",Eetu Luostarinen
ANA,"832,500","863,333",Sam Steel
DAL,"832,500","894,166",Denis Gurianov
ARI,"832,500","821,666",Christian Fischer
TOR,"832,500","863,333",Travis Dermott
OTT,"832,500","863,333",Thomas Chabot
BOS,"832,500","863,333","Senyshyn, Zach"
ANA,"832,500","863,333",Max Jones
ANA,"832,500","894,166",Jacob Larsson
TBL,"832,500","894,166",Mikhail Sergachev
NYI,"832,500","863,333",Mathew Barzal
WPG,"832,500","894,166",Jack Roslovic
ARI,"832,500","885,833",Clayton Keller
CHI,"832,500","863,333",Dylan Strome
COL,"832,500","885,833",Tyson Jost
CHI,"832,500","863,333",Alexander Nylander
CBJ,"832,500","894,166",Pierre-Luc Dubois
NYR,"832,500","863,333",Brett Howden
BOS,"832,500","863,333",Jake Debrusk
WPG,"825,000","775,000",Tucker Poolman
VAN,"820,000","765,000",Jalen Chatfield
COL,"817,500","842,500",Adam Werner
OTT,"800,000","800,000",Cody Goloubef
WSH,"800,000","800,000",Travis Boyd
CHI,"800,000","778,333",Alex DeBrincat
WPG,"800,000","850,000",Carl Dahlstrom
MTL,"800,000","800,000",Christian Folin
OTT,"800,000","800,000",Tyler Ennis
BOS,"800,000","800,000",Steven Kampfer
NJD,"800,000","750,000",John Hayden
ANA,"792,500","820,000","Comtois, Maxime"
NYI,"792,500","786,666",Otto Koivula
WPG,"792,500","817,500",David Gustafsson
MTL,"792,500","771,666",Cale Fleury
LAK,"792,500","759,167",Austin Wagner
PHI,"792,500","775,833",Carsen Twarynski
BUF,"792,500","767,500",Victor Olofsson
SJS,"792,500","836,667",Lean Bergmann
PIT,"792,500","767,500",Sam Lafferty
NYR,"792,500","792,500",Alexandar Georgiev
DET,"792,500","759,167",Christoffer Ehn
VEG,"792,500","791,667",Nicolas Hague
OTT,"785,000","768,333",Jonathan Davidsson
SJS,"785,000","768,333",Noah Gregor
OTT,"782,500","765,000",J.C. Beaudin
NJD,"782,500","749,167",Jesper Bratt
CAR,"780,000","746,667",Warren Foegele
VEG,"775,000","775,000",Brandon Pirri
FLA,"775,000","775,000",Dominic Toninato
STL,"775,000","722,500",Vince Dunn
WPG,"775,000","741,667",Joona Luoto
CGY,"775,000","755,833",Rasmus Andersson
LAK,"770,000","745,000",Sean Walker
MTL,"760,000","748,333",Victor Mete
WSH,"750,000","714,166",Jonas Siegenthaler
WPG,"750,000","750,000",Luca Sbisa
OTT,"750,000","750,000","Paul, Nicholas"
PHI,"750,000","750,000",Andy Andreoff
STL,"750,000","750,000",Mackenzie MacEachern
COL,"750,000","750,000",Vladislav Kamenev
MIN,"750,000","725,000",Nick Seeler
PHI,"750,000","753,757",Chris Stewart
TOR,"750,000","750,000",Nick Shore
CBJ,"750,000","725,000",Dean Kukan
MIN,"750,000","750,000",Carson Soucy
BOS,"750,000","725,000",Connor Clifton
PIT,"750,000","750,000",Dominik Simon
TOR,"750,000","775,000",Trevor Moore
NYR,"750,000","750,000",Greg McKegg
PIT,"750,000","750,000",Teddy Blueger
DAL,"750,000","750,000",Justin Dowling
NSH,"750,000","750,000",Miikka Salomaki
NYI,"750,000","700,000",Devon Toews
FLA,"750,000","750,000",Denis Malgin
ANA,"750,000","750,000",Michael Del Zotto
ARI,"750,000","775,000",Conor Garland
COL,"735,000","735,000",Ryan Graves
CGY,"735,000","735,000",Alan Quine
CAR,"725,000","725,000",Brian Gibbons
LAK,"725,000","725,000",Joakim Ryan
VEG,"725,000","725,000",William Carrier
ARI,"725,000","725,000",Aaron Ness
CGY,"715,000","715,000",Andrew Mangiapane
FLA,"715,000","715,000",Dryden Hunt
FLA,"708,750","708,750","Montembeault, Samuel"
TBL,"700,000","697,500",Erik Cernak
TOR,"700,000","694,444",Dmytro Timashov
NYI,"700,000","700,000",Michael Dal Colle
DET,"700,000","825,000",Alex Biega
PHI,"700,000","700,000",Samuel Morin
SJS,"700,000","675,000",Radim Simek
WSH,"700,000","750,000",Nic Dowd
COL,"700,000","700,000",Jayson Megna
OTT,"700,000","728,333",Filip Chlapik
NJD,"700,000","697,500",MacKenzie Blackwood
CAR,"700,000","675,000",Lucas Wallmark
MIN,"700,000","700,000",Brad Hunt
SJS,"700,000","700,000",Dylan Gambrell
LAK,"700,000","675,000",Kurtis MacDermid
TBL,"700,000","700,000",Luke Schenn
TOR,"700,000","700,000",Jason Spezza
CBJ,"700,000","700,000",Adam Clendening
PIT,"700,000","700,000",Chad Ruhwedel
BUF,"700,000","700,000",John Gilmour
LAK,"700,000","700,000",Michael Amadio
TBL,"700,000","700,000",Carter Verhaeghe
CBJ,"700,000","694,444",Kole Sherwood
SJS,"700,000","700,000",Patrick Marleau
LAK,"700,000","700,000",Matt Roy
ARI,"700,000","700,000",Eric Comrie
NYR,"700,000","700,000",Micheal Haley
NJD,"700,000","700,000",Matt Tennyson
TBL,"700,000","728,333",Mathieu Joseph
CGY,"700,000","700,000",Tobias Rieder
EDM,"700,000","700,000",Patrick Russell
SJS,"700,000","700,000",Lukas Radil
DAL,"700,000","700,000",Joel Hanley
TOR,"700,000","700,000",Michael Hutchinson
NJD,"700,000","700,000",Kevin Rooney
CGY,"700,000","700,000",Brandon Davidson
EDM,"700,000","720,000",Ethan Bear
FLA,"700,000","675,000","Brown, Joshua"
BOS,"700,000","700,000",Peter Cehlarik
PHI,"700,000","730,833",Carter Hart
TBL,"700,000","728,333",Anthony Cirelli
DAL,"700,000","700,000",Gavin Bayreuther
NSH,"700,000","675,000",Matt Irwin
CGY,"700,000","700,000",Michael Stone
VEG,"700,000","720,000",Nicolas Roy
DET,"700,000","700,000",Dylan McIlrath
VEG,"700,000","700,000",Deryk Engelland
DAL,"700,000","737,500",Taylor Fedun
TOR,"700,000","675,000",Justin Holl
NSH,"700,000","675,000",Yannick Weber
WSH,"700,000","675,000",Tyler Lewington
COL,"700,000","728,333",Samuel Girard
WPG,"700,000","700,000",Anthony Bitetto
LAK,"700,000","675,000",Jack Campbell
ANA,"700,000","700,000",Derek Grant
TOR,"700,000","675,000",Frederik Gauthier
NYI,"700,000","700,000",Cole Bardreau
DET,"700,000","714,166",Filip Hronek
PHI,"700,000","678,889",Philippe Myers
WSH,"700,000","700,000",Brendan Leipsic
PIT,"700,000","675,000",Tristan Jarry
COL,"700,000","700,000",T.J. Tynan
WPG,"700,000","700,000",Logan Shaw
TOR,"700,000","700,000",Martin Marincin
